Question ID (machine readable),Response ID (machine readable),Response value,Answer requirement,Human-friendly question label
PSL_DATA_COLLECTION_COLLECTS_PERSONAL_DATA,,true,REQUIRED,¿Tu aplicación recoge o comparte datos de usuario de alguno de los tipos requeridos?
PSL_DATA_COLLECTION_ENCRYPTED_IN_TRANSIT,,true,MAYBE_REQUIRED,¿Los datos de usuario que recoge tu aplicación se cifran en tránsito?
PSL_SUPPORTED_ACCOUNT_CREATION_METHODS,PSL_ACM_USER_ID_PASSWORD,true,MULTIPLE_CHOICE,¿Cuáles de los siguientes métodos de creación de cuentas se admiten en tu aplicación? Selecciona todas las opciones que correspondan./Nombre de usuario y contraseña
PSL_SUPPORTED_ACCOUNT_CREATION_METHODS,PSL_ACM_USER_ID_OTHER_AUTH,,MULTIPLE_CHOICE,¿Cuáles de los siguientes métodos de creación de cuentas se admiten en tu aplicación? Selecciona todas las opciones que correspondan./Nombre de usuario y otros métodos de autenticación
PSL_SUPPORTED_ACCOUNT_CREATION_METHODS,PSL_ACM_USER_ID_PASSWORD_OTHER_AUTH,,MULTIPLE_CHOICE,"¿Cuáles de los siguientes métodos de creación de cuentas se admiten en tu aplicación? Selecciona todas las opciones que correspondan./Nombre de usuario, contraseña y otros métodos de autenticación"
PSL_SUPPORTED_ACCOUNT_CREATION_METHODS,PSL_ACM_OAUTH,,MULTIPLE_CHOICE,¿Cuáles de los siguientes métodos de creación de cuentas se admiten en tu aplicación? Selecciona todas las opciones que correspondan./OAuth
PSL_SUPPORTED_ACCOUNT_CREATION_METHODS,PSL_ACM_OTHER,,MULTIPLE_CHOICE,¿Cuáles de los siguientes métodos de creación de cuentas se admiten en tu aplicación? Selecciona todas las opciones que correspondan./Otro
PSL_SUPPORTED_ACCOUNT_CREATION_METHODS,PSL_ACM_NONE,,MULTIPLE_CHOICE,¿Cuáles de los siguientes métodos de creación de cuentas se admiten en tu aplicación? Selecciona todas las opciones que correspondan./Mi aplicación no permite que los usuarios creen una cuenta
PSL_ACM_SPECIFY,,,MAYBE_REQUIRED,Describe el método de creación de cuentas que admite tu aplicación
PSL_ACCOUNT_DELETION_URL,,https://ansioff.com/support,MAYBE_REQUIRED,Añade un enlace que los usuarios puedan usar para solicitar que se eliminen su cuenta y los datos asociados 
PSL_SUPPORT_DATA_DELETION_BY_USER,DATA_DELETION_YES,true,SINGLE_CHOICE,¿Ofreces a los usuarios alguna forma de solicitar que se eliminen sus datos?/Sí
PSL_SUPPORT_DATA_DELETION_BY_USER,DATA_DELETION_NO,,SINGLE_CHOICE,¿Ofreces a los usuarios alguna forma de solicitar que se eliminen sus datos?/No
PSL_SUPPORT_DATA_DELETION_BY_USER,DATA_DELETION_NO_AUTO_DELETED,,SINGLE_CHOICE,"¿Ofreces a los usuarios alguna forma de solicitar que se eliminen sus datos?/No, pero los datos de usuario se eliminan automáticamente en un plazo de 90 días"
PSL_DATA_DELETION_URL,,https://ansioff.com/support,MAYBE_REQUIRED,URL de eliminación de datos
PSL_DATA_COLLECTION_COMPLIES_FAMILY_POLICY,,,OPTIONAL,"Responde a esta pregunta solo si has indicado que el grupo de edad objetivo de tu aplicación incluye niños o si has aceptado participar en el programa Diseñado para Familias. Si alguna de las cuestiones anteriores se aplican a tu caso, debes cumplir la Política de Familias de Google Play (https://support.google.com/googleplay/android-developer/answer/9893335). ¿Quieres informar a los usuarios sobre este compromiso en la sección Seguridad de los datos de tu ficha de Play Store?"
PSL_INDEPENDENTLY_VALIDATED,,,OPTIONAL,"¿Tu aplicación ha completado correctamente una revisión de seguridad independiente, según el marco de evaluación de seguridad para aplicaciones móviles (MASA)? Responde ""Sí"" únicamente si la revisión está en regla."
PSL_UPI_BADGE_OPT_IN,,,OPTIONAL,¿Quieres mostrar esta insignia en tu ficha de Play Store?
PSL_HAS_OUTSIDE_APP_ACCOUNTS,,,OPTIONAL,¿Pueden los usuarios iniciar sesión en tu aplicación con cuentas creadas fuera de la aplicación?
PSL_OUTSIDE_APP_ACCOUNT_TYPES,PSL_LOGIN_WITH_OUTSIDE_APP_ID,,MULTIPLE_CHOICE,"¿Cómo se crean esas cuentas?/Identificación fuera de la aplicación (por ejemplo, vinculación de SIM, suscripción a un servicio)"
PSL_OUTSIDE_APP_ACCOUNT_TYPES,PSL_LOGIN_THROUGH_EMPLOYMENT_OR_ENTERPRISE_ACCOUNT,,MULTIPLE_CHOICE,¿Cómo se crean esas cuentas?/En el trabajo o mediante cuentas de empresa
PSL_OUTSIDE_APP_ACCOUNT_TYPES,PSL_OUTSIDE_APP_ACCOUNT_TYPE_OTHER,,MULTIPLE_CHOICE,¿Cómo se crean esas cuentas?/Otro
PSL_OUTSIDE_APP_ACCOUNT_TYPE_SPECIFY,,,MAYBE_REQUIRED,Describe cómo se crean esas cuentas
PSL_DATA_TYPES_PERSONAL,PSL_NAME,true,MULTIPLE_CHOICE,Información personal/Nombre
PSL_DATA_TYPES_PERSONAL,PSL_EMAIL,true,MULTIPLE_CHOICE,Información personal/Dirección de correo electrónico
PSL_DATA_TYPES_PERSONAL,PSL_USER_ACCOUNT,true,MULTIPLE_CHOICE,Información personal/IDs de usuario
PSL_DATA_TYPES_PERSONAL,PSL_ADDRESS,,MULTIPLE_CHOICE,Información personal/Dirección
PSL_DATA_TYPES_PERSONAL,PSL_PHONE,,MULTIPLE_CHOICE,Información personal/Número de teléfono
PSL_DATA_TYPES_PERSONAL,PSL_RACE_ETHNICITY,,MULTIPLE_CHOICE,Información personal/Raza y etnia
PSL_DATA_TYPES_PERSONAL,PSL_POLITICAL_RELIGIOUS,,MULTIPLE_CHOICE,Información personal/Opiniones políticas y creencias religiosas
PSL_DATA_TYPES_PERSONAL,PSL_SEXUAL_ORIENTATION_GENDER_IDENTITY,,MULTIPLE_CHOICE,Información personal/Orientación sexual
PSL_DATA_TYPES_PERSONAL,PSL_OTHER_PERSONAL,,MULTIPLE_CHOICE,Información personal/Otra información
PSL_DATA_TYPES_FINANCIAL,PSL_CREDIT_DEBIT_BANK_ACCOUNT_NUMBER,,MULTIPLE_CHOICE,Información financiera/Información para pagos del usuario
PSL_DATA_TYPES_FINANCIAL,PSL_PURCHASE_HISTORY,true,MULTIPLE_CHOICE,Información financiera/Historial de compras
PSL_DATA_TYPES_FINANCIAL,PSL_CREDIT_SCORE,,MULTIPLE_CHOICE,Información financiera/Calificación crediticia
PSL_DATA_TYPES_FINANCIAL,PSL_OTHER,,MULTIPLE_CHOICE,Información financiera/Otra información financiera
PSL_DATA_TYPES_LOCATION,PSL_APPROX_LOCATION,,MULTIPLE_CHOICE,Ubicación/Ubicación aproximada
PSL_DATA_TYPES_LOCATION,PSL_PRECISE_LOCATION,,MULTIPLE_CHOICE,Ubicación/Ubicación precisa
PSL_DATA_TYPES_SEARCH_AND_BROWSING,PSL_WEB_BROWSING_HISTORY,,MULTIPLE_CHOICE,Navegación web/Historial de navegación web
PSL_DATA_TYPES_EMAIL_AND_TEXT,PSL_EMAILS,,MULTIPLE_CHOICE,Mensajes/Correos electrónicos
PSL_DATA_TYPES_EMAIL_AND_TEXT,PSL_SMS_CALL_LOG,,MULTIPLE_CHOICE,Mensajes/SMS o MMS
PSL_DATA_TYPES_EMAIL_AND_TEXT,PSL_OTHER_MESSAGES,,MULTIPLE_CHOICE,Mensajes/Otros mensajes en la aplicación
PSL_DATA_TYPES_PHOTOS_AND_VIDEOS,PSL_PHOTOS,,MULTIPLE_CHOICE,Fotos y vídeos/Fotos
PSL_DATA_TYPES_PHOTOS_AND_VIDEOS,PSL_VIDEOS,,MULTIPLE_CHOICE,Fotos y vídeos/Vídeos
PSL_DATA_TYPES_AUDIO,PSL_AUDIO,,MULTIPLE_CHOICE,Archivos de audio/Grabaciones de voz o de sonido
PSL_DATA_TYPES_AUDIO,PSL_MUSIC,,MULTIPLE_CHOICE,Archivos de audio/Archivos de música
PSL_DATA_TYPES_AUDIO,PSL_OTHER_AUDIO,,MULTIPLE_CHOICE,Archivos de audio/Otros archivos de audio
PSL_DATA_TYPES_HEALTH_AND_FITNESS,PSL_HEALTH,,MULTIPLE_CHOICE,Salud y fitness/Información sanitaria
PSL_DATA_TYPES_HEALTH_AND_FITNESS,PSL_FITNESS,,MULTIPLE_CHOICE,Salud y fitness/Información sobre estado físico
PSL_DATA_TYPES_CONTACTS,PSL_CONTACTS,,MULTIPLE_CHOICE,Contactos/Contactos
PSL_DATA_TYPES_CALENDAR,PSL_CALENDAR,,MULTIPLE_CHOICE,Calendar/Eventos de calendario
PSL_DATA_TYPES_APP_PERFORMANCE,PSL_CRASH_LOGS,,MULTIPLE_CHOICE,Información y rendimiento de la aplicación/Registros de fallos
PSL_DATA_TYPES_APP_PERFORMANCE,PSL_PERFORMANCE_DIAGNOSTICS,,MULTIPLE_CHOICE,Información y rendimiento de la aplicación/Diagnósticos
PSL_DATA_TYPES_APP_PERFORMANCE,PSL_OTHER_PERFORMANCE,,MULTIPLE_CHOICE,Información y rendimiento de la aplicación/Otros datos de rendimiento de la aplicación
PSL_DATA_TYPES_FILES_AND_DOCS,PSL_FILES_AND_DOCS,,MULTIPLE_CHOICE,Archivos y documentos/Archivos y documentos
PSL_DATA_TYPES_APP_ACTIVITY,PSL_USER_INTERACTION,true,MULTIPLE_CHOICE,Actividad en aplicaciones/Interacciones con la aplicación
PSL_DATA_TYPES_APP_ACTIVITY,PSL_IN_APP_SEARCH_HISTORY,,MULTIPLE_CHOICE,Actividad en aplicaciones/Historial de búsquedas en aplicaciones
PSL_DATA_TYPES_APP_ACTIVITY,PSL_APPS_ON_DEVICE,,MULTIPLE_CHOICE,Actividad en aplicaciones/Aplicaciones instaladas
PSL_DATA_TYPES_APP_ACTIVITY,PSL_USER_GENERATED_CONTENT,true,MULTIPLE_CHOICE,Actividad en aplicaciones/Otro contenido generado por el usuario
PSL_DATA_TYPES_APP_ACTIVITY,PSL_OTHER_APP_ACTIVITY,true,MULTIPLE_CHOICE,Actividad en aplicaciones/Otras acciones
PSL_DATA_TYPES_IDENTIFIERS,PSL_DEVICE_ID,true,MULTIPLE_CHOICE,IDs de dispositivo o de otro tipo/IDs de dispositivo o de otro tipo
PSL_DATA_USAGE_RESPONSES:PSL_NAME:PSL_DATA_USAGE_COLLECTION_AND_SHARING,PSL_DATA_USAGE_ONLY_COLLECTED,true,MULTIPLE_CHOICE,"Uso y gestión de datos (Nombre)/¿Tu aplicación recoge estos datos, los comparte o hace ambas cosas?/Se recogen"
PSL_DATA_USAGE_RESPONSES:PSL_NAME:PSL_DATA_USAGE_COLLECTION_AND_SHARING,PSL_DATA_USAGE_ONLY_SHARED,true,MULTIPLE_CHOICE,"Uso y gestión de datos (Nombre)/¿Tu aplicación recoge estos datos, los comparte o hace ambas cosas?/Se comparten"
PSL_DATA_USAGE_RESPONSES:PSL_NAME:PSL_DATA_USAGE_EPHEMERAL,,false,MAYBE_REQUIRED,Uso y gestión de datos (Nombre)/¿Se tratan estos datos de forma temporal?
PSL_DATA_USAGE_RESPONSES:PSL_NAME:DATA_USAGE_USER_CONTROL,PSL_DATA_USAGE_USER_CONTROL_OPTIONAL,,SINGLE_CHOICE,Uso y gestión de datos (Nombre)/¿Son estos datos necesarios para usar tu aplicación o pueden los usuarios elegir si se recogen o no?/Los usuarios pueden elegir si se recogen estos datos o no
PSL_DATA_USAGE_RESPONSES:PSL_NAME:DATA_USAGE_USER_CONTROL,PSL_DATA_USAGE_USER_CONTROL_REQUIRED,true,SINGLE_CHOICE,Uso y gestión de datos (Nombre)/¿Son estos datos necesarios para usar tu aplicación o pueden los usuarios elegir si se recogen o no?/La recogida de datos es necesaria (los usuarios no pueden desactivarla)
PSL_DATA_USAGE_RESPONSES:PSL_NAME:DATA_USAGE_COLLECTION_PURPOSE,PSL_APP_FUNCTIONALITY,true,MULTIPLE_CHOICE,Uso y gestión de datos (Nombre)/¿Por qué se recogen estos datos de usuario? Selecciona todas las opciones que correspondan./Funcionalidad de la aplicación
PSL_DATA_USAGE_RESPONSES:PSL_NAME:DATA_USAGE_COLLECTION_PURPOSE,PSL_ANALYTICS,,MULTIPLE_CHOICE,Uso y gestión de datos (Nombre)/¿Por qué se recogen estos datos de usuario? Selecciona todas las opciones que correspondan./Análisis
PSL_DATA_USAGE_RESPONSES:PSL_NAME:DATA_USAGE_COLLECTION_PURPOSE,PSL_DEVELOPER_COMMUNICATIONS,,MULTIPLE_CHOICE,Uso y gestión de datos (Nombre)/¿Por qué se recogen estos datos de usuario? Selecciona todas las opciones que correspondan./Comunicaciones del desarrollador
PSL_DATA_USAGE_RESPONSES:PSL_NAME:DATA_USAGE_COLLECTION_PURPOSE,PSL_FRAUD_PREVENTION_SECURITY,,MULTIPLE_CHOICE,"Uso y gestión de datos (Nombre)/¿Por qué se recogen estos datos de usuario? Selecciona todas las opciones que correspondan./Prevención de fraudes, seguridad y cumplimiento"
PSL_DATA_USAGE_RESPONSES:PSL_NAME:DATA_USAGE_COLLECTION_PURPOSE,PSL_ADVERTISING,,MULTIPLE_CHOICE,Uso y gestión de datos (Nombre)/¿Por qué se recogen estos datos de usuario? Selecciona todas las opciones que correspondan./Publicidad o marketing
PSL_DATA_USAGE_RESPONSES:PSL_NAME:DATA_USAGE_COLLECTION_PURPOSE,PSL_PERSONALIZATION,true,MULTIPLE_CHOICE,Uso y gestión de datos (Nombre)/¿Por qué se recogen estos datos de usuario? Selecciona todas las opciones que correspondan./Personalización
PSL_DATA_USAGE_RESPONSES:PSL_NAME:DATA_USAGE_COLLECTION_PURPOSE,PSL_ACCOUNT_MANAGEMENT,true,MULTIPLE_CHOICE,Uso y gestión de datos (Nombre)/¿Por qué se recogen estos datos de usuario? Selecciona todas las opciones que correspondan./Gestión de cuentas
PSL_DATA_USAGE_RESPONSES:PSL_NAME:DATA_USAGE_SHARING_PURPOSE,PSL_APP_FUNCTIONALITY,true,MULTIPLE_CHOICE,Uso y gestión de datos (Nombre)/¿Por qué se comparten estos datos de usuario? Selecciona todas las opciones que correspondan./Funcionalidad de la aplicación
PSL_DATA_USAGE_RESPONSES:PSL_NAME:DATA_USAGE_SHARING_PURPOSE,PSL_ANALYTICS,,MULTIPLE_CHOICE,Uso y gestión de datos (Nombre)/¿Por qué se comparten estos datos de usuario? Selecciona todas las opciones que correspondan./Análisis
PSL_DATA_USAGE_RESPONSES:PSL_NAME:DATA_USAGE_SHARING_PURPOSE,PSL_DEVELOPER_COMMUNICATIONS,,MULTIPLE_CHOICE,Uso y gestión de datos (Nombre)/¿Por qué se comparten estos datos de usuario? Selecciona todas las opciones que correspondan./Comunicaciones del desarrollador
PSL_DATA_USAGE_RESPONSES:PSL_NAME:DATA_USAGE_SHARING_PURPOSE,PSL_FRAUD_PREVENTION_SECURITY,,MULTIPLE_CHOICE,"Uso y gestión de datos (Nombre)/¿Por qué se comparten estos datos de usuario? Selecciona todas las opciones que correspondan./Prevención de fraudes, seguridad y cumplimiento"
PSL_DATA_USAGE_RESPONSES:PSL_NAME:DATA_USAGE_SHARING_PURPOSE,PSL_ADVERTISING,,MULTIPLE_CHOICE,Uso y gestión de datos (Nombre)/¿Por qué se comparten estos datos de usuario? Selecciona todas las opciones que correspondan./Publicidad o marketing
PSL_DATA_USAGE_RESPONSES:PSL_NAME:DATA_USAGE_SHARING_PURPOSE,PSL_PERSONALIZATION,,MULTIPLE_CHOICE,Uso y gestión de datos (Nombre)/¿Por qué se comparten estos datos de usuario? Selecciona todas las opciones que correspondan./Personalización
PSL_DATA_USAGE_RESPONSES:PSL_NAME:DATA_USAGE_SHARING_PURPOSE,PSL_ACCOUNT_MANAGEMENT,true,MULTIPLE_CHOICE,Uso y gestión de datos (Nombre)/¿Por qué se comparten estos datos de usuario? Selecciona todas las opciones que correspondan./Gestión de cuentas
PSL_DATA_USAGE_RESPONSES:PSL_EMAIL:PSL_DATA_USAGE_COLLECTION_AND_SHARING,PSL_DATA_USAGE_ONLY_COLLECTED,true,MULTIPLE_CHOICE,"Uso y gestión de datos (Dirección de correo electrónico)/¿Tu aplicación recoge estos datos, los comparte o hace ambas cosas?/Se recogen"
PSL_DATA_USAGE_RESPONSES:PSL_EMAIL:PSL_DATA_USAGE_COLLECTION_AND_SHARING,PSL_DATA_USAGE_ONLY_SHARED,true,MULTIPLE_CHOICE,"Uso y gestión de datos (Dirección de correo electrónico)/¿Tu aplicación recoge estos datos, los comparte o hace ambas cosas?/Se comparten"
PSL_DATA_USAGE_RESPONSES:PSL_EMAIL:PSL_DATA_USAGE_EPHEMERAL,,false,MAYBE_REQUIRED,Uso y gestión de datos (Dirección de correo electrónico)/¿Se tratan estos datos de forma temporal?
PSL_DATA_USAGE_RESPONSES:PSL_EMAIL:DATA_USAGE_USER_CONTROL,PSL_DATA_USAGE_USER_CONTROL_OPTIONAL,,SINGLE_CHOICE,Uso y gestión de datos (Dirección de correo electrónico)/¿Son estos datos necesarios para usar tu aplicación o pueden los usuarios elegir si se recogen o no?/Los usuarios pueden elegir si se recogen estos datos o no
PSL_DATA_USAGE_RESPONSES:PSL_EMAIL:DATA_USAGE_USER_CONTROL,PSL_DATA_USAGE_USER_CONTROL_REQUIRED,true,SINGLE_CHOICE,Uso y gestión de datos (Dirección de correo electrónico)/¿Son estos datos necesarios para usar tu aplicación o pueden los usuarios elegir si se recogen o no?/La recogida de datos es necesaria (los usuarios no pueden desactivarla)
PSL_DATA_USAGE_RESPONSES:PSL_EMAIL:DATA_USAGE_COLLECTION_PURPOSE,PSL_APP_FUNCTIONALITY,true,MULTIPLE_CHOICE,Uso y gestión de datos (Dirección de correo electrónico)/¿Por qué se recogen estos datos de usuario? Selecciona todas las opciones que correspondan./Funcionalidad de la aplicación
PSL_DATA_USAGE_RESPONSES:PSL_EMAIL:DATA_USAGE_COLLECTION_PURPOSE,PSL_ANALYTICS,,MULTIPLE_CHOICE,Uso y gestión de datos (Dirección de correo electrónico)/¿Por qué se recogen estos datos de usuario? Selecciona todas las opciones que correspondan./Análisis
PSL_DATA_USAGE_RESPONSES:PSL_EMAIL:DATA_USAGE_COLLECTION_PURPOSE,PSL_DEVELOPER_COMMUNICATIONS,true,MULTIPLE_CHOICE,Uso y gestión de datos (Dirección de correo electrónico)/¿Por qué se recogen estos datos de usuario? Selecciona todas las opciones que correspondan./Comunicaciones del desarrollador
PSL_DATA_USAGE_RESPONSES:PSL_EMAIL:DATA_USAGE_COLLECTION_PURPOSE,PSL_FRAUD_PREVENTION_SECURITY,true,MULTIPLE_CHOICE,"Uso y gestión de datos (Dirección de correo electrónico)/¿Por qué se recogen estos datos de usuario? Selecciona todas las opciones que correspondan./Prevención de fraudes, seguridad y cumplimiento"
PSL_DATA_USAGE_RESPONSES:PSL_EMAIL:DATA_USAGE_COLLECTION_PURPOSE,PSL_ADVERTISING,,MULTIPLE_CHOICE,Uso y gestión de datos (Dirección de correo electrónico)/¿Por qué se recogen estos datos de usuario? Selecciona todas las opciones que correspondan./Publicidad o marketing
PSL_DATA_USAGE_RESPONSES:PSL_EMAIL:DATA_USAGE_COLLECTION_PURPOSE,PSL_PERSONALIZATION,,MULTIPLE_CHOICE,Uso y gestión de datos (Dirección de correo electrónico)/¿Por qué se recogen estos datos de usuario? Selecciona todas las opciones que correspondan./Personalización
PSL_DATA_USAGE_RESPONSES:PSL_EMAIL:DATA_USAGE_COLLECTION_PURPOSE,PSL_ACCOUNT_MANAGEMENT,true,MULTIPLE_CHOICE,Uso y gestión de datos (Dirección de correo electrónico)/¿Por qué se recogen estos datos de usuario? Selecciona todas las opciones que correspondan./Gestión de cuentas
PSL_DATA_USAGE_RESPONSES:PSL_EMAIL:DATA_USAGE_SHARING_PURPOSE,PSL_APP_FUNCTIONALITY,true,MULTIPLE_CHOICE,Uso y gestión de datos (Dirección de correo electrónico)/¿Por qué se comparten estos datos de usuario? Selecciona todas las opciones que correspondan./Funcionalidad de la aplicación
PSL_DATA_USAGE_RESPONSES:PSL_EMAIL:DATA_USAGE_SHARING_PURPOSE,PSL_ANALYTICS,,MULTIPLE_CHOICE,Uso y gestión de datos (Dirección de correo electrónico)/¿Por qué se comparten estos datos de usuario? Selecciona todas las opciones que correspondan./Análisis
PSL_DATA_USAGE_RESPONSES:PSL_EMAIL:DATA_USAGE_SHARING_PURPOSE,PSL_DEVELOPER_COMMUNICATIONS,,MULTIPLE_CHOICE,Uso y gestión de datos (Dirección de correo electrónico)/¿Por qué se comparten estos datos de usuario? Selecciona todas las opciones que correspondan./Comunicaciones del desarrollador
PSL_DATA_USAGE_RESPONSES:PSL_EMAIL:DATA_USAGE_SHARING_PURPOSE,PSL_FRAUD_PREVENTION_SECURITY,true,MULTIPLE_CHOICE,"Uso y gestión de datos (Dirección de correo electrónico)/¿Por qué se comparten estos datos de usuario? Selecciona todas las opciones que correspondan./Prevención de fraudes, seguridad y cumplimiento"
PSL_DATA_USAGE_RESPONSES:PSL_EMAIL:DATA_USAGE_SHARING_PURPOSE,PSL_ADVERTISING,true,MULTIPLE_CHOICE,Uso y gestión de datos (Dirección de correo electrónico)/¿Por qué se comparten estos datos de usuario? Selecciona todas las opciones que correspondan./Publicidad o marketing
PSL_DATA_USAGE_RESPONSES:PSL_EMAIL:DATA_USAGE_SHARING_PURPOSE,PSL_PERSONALIZATION,,MULTIPLE_CHOICE,Uso y gestión de datos (Dirección de correo electrónico)/¿Por qué se comparten estos datos de usuario? Selecciona todas las opciones que correspondan./Personalización
PSL_DATA_USAGE_RESPONSES:PSL_EMAIL:DATA_USAGE_SHARING_PURPOSE,PSL_ACCOUNT_MANAGEMENT,true,MULTIPLE_CHOICE,Uso y gestión de datos (Dirección de correo electrónico)/¿Por qué se comparten estos datos de usuario? Selecciona todas las opciones que correspondan./Gestión de cuentas
PSL_DATA_USAGE_RESPONSES:PSL_USER_ACCOUNT:PSL_DATA_USAGE_COLLECTION_AND_SHARING,PSL_DATA_USAGE_ONLY_COLLECTED,true,MULTIPLE_CHOICE,"Uso y gestión de datos (IDs de usuario)/¿Tu aplicación recoge estos datos, los comparte o hace ambas cosas?/Se recogen"
PSL_DATA_USAGE_RESPONSES:PSL_USER_ACCOUNT:PSL_DATA_USAGE_COLLECTION_AND_SHARING,PSL_DATA_USAGE_ONLY_SHARED,true,MULTIPLE_CHOICE,"Uso y gestión de datos (IDs de usuario)/¿Tu aplicación recoge estos datos, los comparte o hace ambas cosas?/Se comparten"
PSL_DATA_USAGE_RESPONSES:PSL_USER_ACCOUNT:PSL_DATA_USAGE_EPHEMERAL,,false,MAYBE_REQUIRED,Uso y gestión de datos (IDs de usuario)/¿Se tratan estos datos de forma temporal?
PSL_DATA_USAGE_RESPONSES:PSL_USER_ACCOUNT:DATA_USAGE_USER_CONTROL,PSL_DATA_USAGE_USER_CONTROL_OPTIONAL,,SINGLE_CHOICE,Uso y gestión de datos (IDs de usuario)/¿Son estos datos necesarios para usar tu aplicación o pueden los usuarios elegir si se recogen o no?/Los usuarios pueden elegir si se recogen estos datos o no
PSL_DATA_USAGE_RESPONSES:PSL_USER_ACCOUNT:DATA_USAGE_USER_CONTROL,PSL_DATA_USAGE_USER_CONTROL_REQUIRED,true,SINGLE_CHOICE,Uso y gestión de datos (IDs de usuario)/¿Son estos datos necesarios para usar tu aplicación o pueden los usuarios elegir si se recogen o no?/La recogida de datos es necesaria (los usuarios no pueden desactivarla)
PSL_DATA_USAGE_RESPONSES:PSL_USER_ACCOUNT:DATA_USAGE_COLLECTION_PURPOSE,PSL_APP_FUNCTIONALITY,true,MULTIPLE_CHOICE,Uso y gestión de datos (IDs de usuario)/¿Por qué se recogen estos datos de usuario? Selecciona todas las opciones que correspondan./Funcionalidad de la aplicación
PSL_DATA_USAGE_RESPONSES:PSL_USER_ACCOUNT:DATA_USAGE_COLLECTION_PURPOSE,PSL_ANALYTICS,true,MULTIPLE_CHOICE,Uso y gestión de datos (IDs de usuario)/¿Por qué se recogen estos datos de usuario? Selecciona todas las opciones que correspondan./Análisis
PSL_DATA_USAGE_RESPONSES:PSL_USER_ACCOUNT:DATA_USAGE_COLLECTION_PURPOSE,PSL_DEVELOPER_COMMUNICATIONS,,MULTIPLE_CHOICE,Uso y gestión de datos (IDs de usuario)/¿Por qué se recogen estos datos de usuario? Selecciona todas las opciones que correspondan./Comunicaciones del desarrollador
PSL_DATA_USAGE_RESPONSES:PSL_USER_ACCOUNT:DATA_USAGE_COLLECTION_PURPOSE,PSL_FRAUD_PREVENTION_SECURITY,true,MULTIPLE_CHOICE,"Uso y gestión de datos (IDs de usuario)/¿Por qué se recogen estos datos de usuario? Selecciona todas las opciones que correspondan./Prevención de fraudes, seguridad y cumplimiento"
PSL_DATA_USAGE_RESPONSES:PSL_USER_ACCOUNT:DATA_USAGE_COLLECTION_PURPOSE,PSL_ADVERTISING,,MULTIPLE_CHOICE,Uso y gestión de datos (IDs de usuario)/¿Por qué se recogen estos datos de usuario? Selecciona todas las opciones que correspondan./Publicidad o marketing
PSL_DATA_USAGE_RESPONSES:PSL_USER_ACCOUNT:DATA_USAGE_COLLECTION_PURPOSE,PSL_PERSONALIZATION,,MULTIPLE_CHOICE,Uso y gestión de datos (IDs de usuario)/¿Por qué se recogen estos datos de usuario? Selecciona todas las opciones que correspondan./Personalización
PSL_DATA_USAGE_RESPONSES:PSL_USER_ACCOUNT:DATA_USAGE_COLLECTION_PURPOSE,PSL_ACCOUNT_MANAGEMENT,true,MULTIPLE_CHOICE,Uso y gestión de datos (IDs de usuario)/¿Por qué se recogen estos datos de usuario? Selecciona todas las opciones que correspondan./Gestión de cuentas
PSL_DATA_USAGE_RESPONSES:PSL_USER_ACCOUNT:DATA_USAGE_SHARING_PURPOSE,PSL_APP_FUNCTIONALITY,true,MULTIPLE_CHOICE,Uso y gestión de datos (IDs de usuario)/¿Por qué se comparten estos datos de usuario? Selecciona todas las opciones que correspondan./Funcionalidad de la aplicación
PSL_DATA_USAGE_RESPONSES:PSL_USER_ACCOUNT:DATA_USAGE_SHARING_PURPOSE,PSL_ANALYTICS,true,MULTIPLE_CHOICE,Uso y gestión de datos (IDs de usuario)/¿Por qué se comparten estos datos de usuario? Selecciona todas las opciones que correspondan./Análisis
PSL_DATA_USAGE_RESPONSES:PSL_USER_ACCOUNT:DATA_USAGE_SHARING_PURPOSE,PSL_DEVELOPER_COMMUNICATIONS,,MULTIPLE_CHOICE,Uso y gestión de datos (IDs de usuario)/¿Por qué se comparten estos datos de usuario? Selecciona todas las opciones que correspondan./Comunicaciones del desarrollador
PSL_DATA_USAGE_RESPONSES:PSL_USER_ACCOUNT:DATA_USAGE_SHARING_PURPOSE,PSL_FRAUD_PREVENTION_SECURITY,true,MULTIPLE_CHOICE,"Uso y gestión de datos (IDs de usuario)/¿Por qué se comparten estos datos de usuario? Selecciona todas las opciones que correspondan./Prevención de fraudes, seguridad y cumplimiento"
PSL_DATA_USAGE_RESPONSES:PSL_USER_ACCOUNT:DATA_USAGE_SHARING_PURPOSE,PSL_ADVERTISING,true,MULTIPLE_CHOICE,Uso y gestión de datos (IDs de usuario)/¿Por qué se comparten estos datos de usuario? Selecciona todas las opciones que correspondan./Publicidad o marketing
PSL_DATA_USAGE_RESPONSES:PSL_USER_ACCOUNT:DATA_USAGE_SHARING_PURPOSE,PSL_PERSONALIZATION,,MULTIPLE_CHOICE,Uso y gestión de datos (IDs de usuario)/¿Por qué se comparten estos datos de usuario? Selecciona todas las opciones que correspondan./Personalización
PSL_DATA_USAGE_RESPONSES:PSL_USER_ACCOUNT:DATA_USAGE_SHARING_PURPOSE,PSL_ACCOUNT_MANAGEMENT,true,MULTIPLE_CHOICE,Uso y gestión de datos (IDs de usuario)/¿Por qué se comparten estos datos de usuario? Selecciona todas las opciones que correspondan./Gestión de cuentas
PSL_DATA_USAGE_RESPONSES:PSL_ADDRESS:PSL_DATA_USAGE_COLLECTION_AND_SHARING,PSL_DATA_USAGE_ONLY_COLLECTED,,MULTIPLE_CHOICE,"Uso y gestión de datos (Dirección)/¿Tu aplicación recoge estos datos, los comparte o hace ambas cosas?/Se recogen"
PSL_DATA_USAGE_RESPONSES:PSL_ADDRESS:PSL_DATA_USAGE_COLLECTION_AND_SHARING,PSL_DATA_USAGE_ONLY_SHARED,,MULTIPLE_CHOICE,"Uso y gestión de datos (Dirección)/¿Tu aplicación recoge estos datos, los comparte o hace ambas cosas?/Se comparten"
PSL_DATA_USAGE_RESPONSES:PSL_ADDRESS:PSL_DATA_USAGE_EPHEMERAL,,,MAYBE_REQUIRED,Uso y gestión de datos (Dirección)/¿Se tratan estos datos de forma temporal?
PSL_DATA_USAGE_RESPONSES:PSL_ADDRESS:DATA_USAGE_USER_CONTROL,PSL_DATA_USAGE_USER_CONTROL_OPTIONAL,,SINGLE_CHOICE,Uso y gestión de datos (Dirección)/¿Son estos datos necesarios para usar tu aplicación o pueden los usuarios elegir si se recogen o no?/Los usuarios pueden elegir si se recogen estos datos o no
PSL_DATA_USAGE_RESPONSES:PSL_ADDRESS:DATA_USAGE_USER_CONTROL,PSL_DATA_USAGE_USER_CONTROL_REQUIRED,,SINGLE_CHOICE,Uso y gestión de datos (Dirección)/¿Son estos datos necesarios para usar tu aplicación o pueden los usuarios elegir si se recogen o no?/La recogida de datos es necesaria (los usuarios no pueden desactivarla)
PSL_DATA_USAGE_RESPONSES:PSL_ADDRESS:DATA_USAGE_COLLECTION_PURPOSE,PSL_APP_FUNCTIONALITY,,MULTIPLE_CHOICE,Uso y gestión de datos (Dirección)/¿Por qué se recogen estos datos de usuario? Selecciona todas las opciones que correspondan./Funcionalidad de la aplicación
PSL_DATA_USAGE_RESPONSES:PSL_ADDRESS:DATA_USAGE_COLLECTION_PURPOSE,PSL_ANALYTICS,,MULTIPLE_CHOICE,Uso y gestión de datos (Dirección)/¿Por qué se recogen estos datos de usuario? Selecciona todas las opciones que correspondan./Análisis
PSL_DATA_USAGE_RESPONSES:PSL_ADDRESS:DATA_USAGE_COLLECTION_PURPOSE,PSL_DEVELOPER_COMMUNICATIONS,,MULTIPLE_CHOICE,Uso y gestión de datos (Dirección)/¿Por qué se recogen estos datos de usuario? Selecciona todas las opciones que correspondan./Comunicaciones del desarrollador
PSL_DATA_USAGE_RESPONSES:PSL_ADDRESS:DATA_USAGE_COLLECTION_PURPOSE,PSL_FRAUD_PREVENTION_SECURITY,,MULTIPLE_CHOICE,"Uso y gestión de datos (Dirección)/¿Por qué se recogen estos datos de usuario? Selecciona todas las opciones que correspondan./Prevención de fraudes, seguridad y cumplimiento"
PSL_DATA_USAGE_RESPONSES:PSL_ADDRESS:DATA_USAGE_COLLECTION_PURPOSE,PSL_ADVERTISING,,MULTIPLE_CHOICE,Uso y gestión de datos (Dirección)/¿Por qué se recogen estos datos de usuario? Selecciona todas las opciones que correspondan./Publicidad o marketing
PSL_DATA_USAGE_RESPONSES:PSL_ADDRESS:DATA_USAGE_COLLECTION_PURPOSE,PSL_PERSONALIZATION,,MULTIPLE_CHOICE,Uso y gestión de datos (Dirección)/¿Por qué se recogen estos datos de usuario? Selecciona todas las opciones que correspondan./Personalización
PSL_DATA_USAGE_RESPONSES:PSL_ADDRESS:DATA_USAGE_COLLECTION_PURPOSE,PSL_ACCOUNT_MANAGEMENT,,MULTIPLE_CHOICE,Uso y gestión de datos (Dirección)/¿Por qué se recogen estos datos de usuario? Selecciona todas las opciones que correspondan./Gestión de cuentas
PSL_DATA_USAGE_RESPONSES:PSL_ADDRESS:DATA_USAGE_SHARING_PURPOSE,PSL_APP_FUNCTIONALITY,,MULTIPLE_CHOICE,Uso y gestión de datos (Dirección)/¿Por qué se comparten estos datos de usuario? Selecciona todas las opciones que correspondan./Funcionalidad de la aplicación
PSL_DATA_USAGE_RESPONSES:PSL_ADDRESS:DATA_USAGE_SHARING_PURPOSE,PSL_ANALYTICS,,MULTIPLE_CHOICE,Uso y gestión de datos (Dirección)/¿Por qué se comparten estos datos de usuario? Selecciona todas las opciones que correspondan./Análisis
PSL_DATA_USAGE_RESPONSES:PSL_ADDRESS:DATA_USAGE_SHARING_PURPOSE,PSL_DEVELOPER_COMMUNICATIONS,,MULTIPLE_CHOICE,Uso y gestión de datos (Dirección)/¿Por qué se comparten estos datos de usuario? Selecciona todas las opciones que correspondan./Comunicaciones del desarrollador
PSL_DATA_USAGE_RESPONSES:PSL_ADDRESS:DATA_USAGE_SHARING_PURPOSE,PSL_FRAUD_PREVENTION_SECURITY,,MULTIPLE_CHOICE,"Uso y gestión de datos (Dirección)/¿Por qué se comparten estos datos de usuario? Selecciona todas las opciones que correspondan./Prevención de fraudes, seguridad y cumplimiento"
PSL_DATA_USAGE_RESPONSES:PSL_ADDRESS:DATA_USAGE_SHARING_PURPOSE,PSL_ADVERTISING,,MULTIPLE_CHOICE,Uso y gestión de datos (Dirección)/¿Por qué se comparten estos datos de usuario? Selecciona todas las opciones que correspondan./Publicidad o marketing
PSL_DATA_USAGE_RESPONSES:PSL_ADDRESS:DATA_USAGE_SHARING_PURPOSE,PSL_PERSONALIZATION,,MULTIPLE_CHOICE,Uso y gestión de datos (Dirección)/¿Por qué se comparten estos datos de usuario? Selecciona todas las opciones que correspondan./Personalización
PSL_DATA_USAGE_RESPONSES:PSL_ADDRESS:DATA_USAGE_SHARING_PURPOSE,PSL_ACCOUNT_MANAGEMENT,,MULTIPLE_CHOICE,Uso y gestión de datos (Dirección)/¿Por qué se comparten estos datos de usuario? Selecciona todas las opciones que correspondan./Gestión de cuentas
PSL_DATA_USAGE_RESPONSES:PSL_PHONE:PSL_DATA_USAGE_COLLECTION_AND_SHARING,PSL_DATA_USAGE_ONLY_COLLECTED,,MULTIPLE_CHOICE,"Uso y gestión de datos (Número de teléfono)/¿Tu aplicación recoge estos datos, los comparte o hace ambas cosas?/Se recogen"
PSL_DATA_USAGE_RESPONSES:PSL_PHONE:PSL_DATA_USAGE_COLLECTION_AND_SHARING,PSL_DATA_USAGE_ONLY_SHARED,,MULTIPLE_CHOICE,"Uso y gestión de datos (Número de teléfono)/¿Tu aplicación recoge estos datos, los comparte o hace ambas cosas?/Se comparten"
PSL_DATA_USAGE_RESPONSES:PSL_PHONE:PSL_DATA_USAGE_EPHEMERAL,,,MAYBE_REQUIRED,Uso y gestión de datos (Número de teléfono)/¿Se tratan estos datos de forma temporal?
PSL_DATA_USAGE_RESPONSES:PSL_PHONE:DATA_USAGE_USER_CONTROL,PSL_DATA_USAGE_USER_CONTROL_OPTIONAL,,SINGLE_CHOICE,Uso y gestión de datos (Número de teléfono)/¿Son estos datos necesarios para usar tu aplicación o pueden los usuarios elegir si se recogen o no?/Los usuarios pueden elegir si se recogen estos datos o no
PSL_DATA_USAGE_RESPONSES:PSL_PHONE:DATA_USAGE_USER_CONTROL,PSL_DATA_USAGE_USER_CONTROL_REQUIRED,,SINGLE_CHOICE,Uso y gestión de datos (Número de teléfono)/¿Son estos datos necesarios para usar tu aplicación o pueden los usuarios elegir si se recogen o no?/La recogida de datos es necesaria (los usuarios no pueden desactivarla)
PSL_DATA_USAGE_RESPONSES:PSL_PHONE:DATA_USAGE_COLLECTION_PURPOSE,PSL_APP_FUNCTIONALITY,,MULTIPLE_CHOICE,Uso y gestión de datos (Número de teléfono)/¿Por qué se recogen estos datos de usuario? Selecciona todas las opciones que correspondan./Funcionalidad de la aplicación
PSL_DATA_USAGE_RESPONSES:PSL_PHONE:DATA_USAGE_COLLECTION_PURPOSE,PSL_ANALYTICS,,MULTIPLE_CHOICE,Uso y gestión de datos (Número de teléfono)/¿Por qué se recogen estos datos de usuario? Selecciona todas las opciones que correspondan./Análisis
PSL_DATA_USAGE_RESPONSES:PSL_PHONE:DATA_USAGE_COLLECTION_PURPOSE,PSL_DEVELOPER_COMMUNICATIONS,,MULTIPLE_CHOICE,Uso y gestión de datos (Número de teléfono)/¿Por qué se recogen estos datos de usuario? Selecciona todas las opciones que correspondan./Comunicaciones del desarrollador
PSL_DATA_USAGE_RESPONSES:PSL_PHONE:DATA_USAGE_COLLECTION_PURPOSE,PSL_FRAUD_PREVENTION_SECURITY,,MULTIPLE_CHOICE,"Uso y gestión de datos (Número de teléfono)/¿Por qué se recogen estos datos de usuario? Selecciona todas las opciones que correspondan./Prevención de fraudes, seguridad y cumplimiento"
PSL_DATA_USAGE_RESPONSES:PSL_PHONE:DATA_USAGE_COLLECTION_PURPOSE,PSL_ADVERTISING,,MULTIPLE_CHOICE,Uso y gestión de datos (Número de teléfono)/¿Por qué se recogen estos datos de usuario? Selecciona todas las opciones que correspondan./Publicidad o marketing
PSL_DATA_USAGE_RESPONSES:PSL_PHONE:DATA_USAGE_COLLECTION_PURPOSE,PSL_PERSONALIZATION,,MULTIPLE_CHOICE,Uso y gestión de datos (Número de teléfono)/¿Por qué se recogen estos datos de usuario? Selecciona todas las opciones que correspondan./Personalización
PSL_DATA_USAGE_RESPONSES:PSL_PHONE:DATA_USAGE_COLLECTION_PURPOSE,PSL_ACCOUNT_MANAGEMENT,,MULTIPLE_CHOICE,Uso y gestión de datos (Número de teléfono)/¿Por qué se recogen estos datos de usuario? Selecciona todas las opciones que correspondan./Gestión de cuentas
PSL_DATA_USAGE_RESPONSES:PSL_PHONE:DATA_USAGE_SHARING_PURPOSE,PSL_APP_FUNCTIONALITY,,MULTIPLE_CHOICE,Uso y gestión de datos (Número de teléfono)/¿Por qué se comparten estos datos de usuario? Selecciona todas las opciones que correspondan./Funcionalidad de la aplicación
PSL_DATA_USAGE_RESPONSES:PSL_PHONE:DATA_USAGE_SHARING_PURPOSE,PSL_ANALYTICS,,MULTIPLE_CHOICE,Uso y gestión de datos (Número de teléfono)/¿Por qué se comparten estos datos de usuario? Selecciona todas las opciones que correspondan./Análisis
PSL_DATA_USAGE_RESPONSES:PSL_PHONE:DATA_USAGE_SHARING_PURPOSE,PSL_DEVELOPER_COMMUNICATIONS,,MULTIPLE_CHOICE,Uso y gestión de datos (Número de teléfono)/¿Por qué se comparten estos datos de usuario? Selecciona todas las opciones que correspondan./Comunicaciones del desarrollador
PSL_DATA_USAGE_RESPONSES:PSL_PHONE:DATA_USAGE_SHARING_PURPOSE,PSL_FRAUD_PREVENTION_SECURITY,,MULTIPLE_CHOICE,"Uso y gestión de datos (Número de teléfono)/¿Por qué se comparten estos datos de usuario? Selecciona todas las opciones que correspondan./Prevención de fraudes, seguridad y cumplimiento"
PSL_DATA_USAGE_RESPONSES:PSL_PHONE:DATA_USAGE_SHARING_PURPOSE,PSL_ADVERTISING,,MULTIPLE_CHOICE,Uso y gestión de datos (Número de teléfono)/¿Por qué se comparten estos datos de usuario? Selecciona todas las opciones que correspondan./Publicidad o marketing
PSL_DATA_USAGE_RESPONSES:PSL_PHONE:DATA_USAGE_SHARING_PURPOSE,PSL_PERSONALIZATION,,MULTIPLE_CHOICE,Uso y gestión de datos (Número de teléfono)/¿Por qué se comparten estos datos de usuario? Selecciona todas las opciones que correspondan./Personalización
PSL_DATA_USAGE_RESPONSES:PSL_PHONE:DATA_USAGE_SHARING_PURPOSE,PSL_ACCOUNT_MANAGEMENT,,MULTIPLE_CHOICE,Uso y gestión de datos (Número de teléfono)/¿Por qué se comparten estos datos de usuario? Selecciona todas las opciones que correspondan./Gestión de cuentas
PSL_DATA_USAGE_RESPONSES:PSL_RACE_ETHNICITY:PSL_DATA_USAGE_COLLECTION_AND_SHARING,PSL_DATA_USAGE_ONLY_COLLECTED,,MULTIPLE_CHOICE,"Uso y gestión de datos (Raza y etnia)/¿Tu aplicación recoge estos datos, los comparte o hace ambas cosas?/Se recogen"
PSL_DATA_USAGE_RESPONSES:PSL_RACE_ETHNICITY:PSL_DATA_USAGE_COLLECTION_AND_SHARING,PSL_DATA_USAGE_ONLY_SHARED,,MULTIPLE_CHOICE,"Uso y gestión de datos (Raza y etnia)/¿Tu aplicación recoge estos datos, los comparte o hace ambas cosas?/Se comparten"
PSL_DATA_USAGE_RESPONSES:PSL_RACE_ETHNICITY:PSL_DATA_USAGE_EPHEMERAL,,,MAYBE_REQUIRED,Uso y gestión de datos (Raza y etnia)/¿Se tratan estos datos de forma temporal?
PSL_DATA_USAGE_RESPONSES:PSL_RACE_ETHNICITY:DATA_USAGE_USER_CONTROL,PSL_DATA_USAGE_USER_CONTROL_OPTIONAL,,SINGLE_CHOICE,Uso y gestión de datos (Raza y etnia)/¿Son estos datos necesarios para usar tu aplicación o pueden los usuarios elegir si se recogen o no?/Los usuarios pueden elegir si se recogen estos datos o no
PSL_DATA_USAGE_RESPONSES:PSL_RACE_ETHNICITY:DATA_USAGE_USER_CONTROL,PSL_DATA_USAGE_USER_CONTROL_REQUIRED,,SINGLE_CHOICE,Uso y gestión de datos (Raza y etnia)/¿Son estos datos necesarios para usar tu aplicación o pueden los usuarios elegir si se recogen o no?/La recogida de datos es necesaria (los usuarios no pueden desactivarla)
PSL_DATA_USAGE_RESPONSES:PSL_RACE_ETHNICITY:DATA_USAGE_COLLECTION_PURPOSE,PSL_APP_FUNCTIONALITY,,MULTIPLE_CHOICE,Uso y gestión de datos (Raza y etnia)/¿Por qué se recogen estos datos de usuario? Selecciona todas las opciones que correspondan./Funcionalidad de la aplicación
PSL_DATA_USAGE_RESPONSES:PSL_RACE_ETHNICITY:DATA_USAGE_COLLECTION_PURPOSE,PSL_ANALYTICS,,MULTIPLE_CHOICE,Uso y gestión de datos (Raza y etnia)/¿Por qué se recogen estos datos de usuario? Selecciona todas las opciones que correspondan./Análisis
PSL_DATA_USAGE_RESPONSES:PSL_RACE_ETHNICITY:DATA_USAGE_COLLECTION_PURPOSE,PSL_DEVELOPER_COMMUNICATIONS,,MULTIPLE_CHOICE,Uso y gestión de datos (Raza y etnia)/¿Por qué se recogen estos datos de usuario? Selecciona todas las opciones que correspondan./Comunicaciones del desarrollador
PSL_DATA_USAGE_RESPONSES:PSL_RACE_ETHNICITY:DATA_USAGE_COLLECTION_PURPOSE,PSL_FRAUD_PREVENTION_SECURITY,,MULTIPLE_CHOICE,"Uso y gestión de datos (Raza y etnia)/¿Por qué se recogen estos datos de usuario? Selecciona todas las opciones que correspondan./Prevención de fraudes, seguridad y cumplimiento"
PSL_DATA_USAGE_RESPONSES:PSL_RACE_ETHNICITY:DATA_USAGE_COLLECTION_PURPOSE,PSL_ADVERTISING,,MULTIPLE_CHOICE,Uso y gestión de datos (Raza y etnia)/¿Por qué se recogen estos datos de usuario? Selecciona todas las opciones que correspondan./Publicidad o marketing
PSL_DATA_USAGE_RESPONSES:PSL_RACE_ETHNICITY:DATA_USAGE_COLLECTION_PURPOSE,PSL_PERSONALIZATION,,MULTIPLE_CHOICE,Uso y gestión de datos (Raza y etnia)/¿Por qué se recogen estos datos de usuario? Selecciona todas las opciones que correspondan./Personalización
PSL_DATA_USAGE_RESPONSES:PSL_RACE_ETHNICITY:DATA_USAGE_COLLECTION_PURPOSE,PSL_ACCOUNT_MANAGEMENT,,MULTIPLE_CHOICE,Uso y gestión de datos (Raza y etnia)/¿Por qué se recogen estos datos de usuario? Selecciona todas las opciones que correspondan./Gestión de cuentas
PSL_DATA_USAGE_RESPONSES:PSL_RACE_ETHNICITY:DATA_USAGE_SHARING_PURPOSE,PSL_APP_FUNCTIONALITY,,MULTIPLE_CHOICE,Uso y gestión de datos (Raza y etnia)/¿Por qué se comparten estos datos de usuario? Selecciona todas las opciones que correspondan./Funcionalidad de la aplicación
PSL_DATA_USAGE_RESPONSES:PSL_RACE_ETHNICITY:DATA_USAGE_SHARING_PURPOSE,PSL_ANALYTICS,,MULTIPLE_CHOICE,Uso y gestión de datos (Raza y etnia)/¿Por qué se comparten estos datos de usuario? Selecciona todas las opciones que correspondan./Análisis
PSL_DATA_USAGE_RESPONSES:PSL_RACE_ETHNICITY:DATA_USAGE_SHARING_PURPOSE,PSL_DEVELOPER_COMMUNICATIONS,,MULTIPLE_CHOICE,Uso y gestión de datos (Raza y etnia)/¿Por qué se comparten estos datos de usuario? Selecciona todas las opciones que correspondan./Comunicaciones del desarrollador
PSL_DATA_USAGE_RESPONSES:PSL_RACE_ETHNICITY:DATA_USAGE_SHARING_PURPOSE,PSL_FRAUD_PREVENTION_SECURITY,,MULTIPLE_CHOICE,"Uso y gestión de datos (Raza y etnia)/¿Por qué se comparten estos datos de usuario? Selecciona todas las opciones que correspondan./Prevención de fraudes, seguridad y cumplimiento"
PSL_DATA_USAGE_RESPONSES:PSL_RACE_ETHNICITY:DATA_USAGE_SHARING_PURPOSE,PSL_ADVERTISING,,MULTIPLE_CHOICE,Uso y gestión de datos (Raza y etnia)/¿Por qué se comparten estos datos de usuario? Selecciona todas las opciones que correspondan./Publicidad o marketing
PSL_DATA_USAGE_RESPONSES:PSL_RACE_ETHNICITY:DATA_USAGE_SHARING_PURPOSE,PSL_PERSONALIZATION,,MULTIPLE_CHOICE,Uso y gestión de datos (Raza y etnia)/¿Por qué se comparten estos datos de usuario? Selecciona todas las opciones que correspondan./Personalización
PSL_DATA_USAGE_RESPONSES:PSL_RACE_ETHNICITY:DATA_USAGE_SHARING_PURPOSE,PSL_ACCOUNT_MANAGEMENT,,MULTIPLE_CHOICE,Uso y gestión de datos (Raza y etnia)/¿Por qué se comparten estos datos de usuario? Selecciona todas las opciones que correspondan./Gestión de cuentas
PSL_DATA_USAGE_RESPONSES:PSL_POLITICAL_RELIGIOUS:PSL_DATA_USAGE_COLLECTION_AND_SHARING,PSL_DATA_USAGE_ONLY_COLLECTED,,MULTIPLE_CHOICE,"Uso y gestión de datos (Opiniones políticas y creencias religiosas)/¿Tu aplicación recoge estos datos, los comparte o hace ambas cosas?/Se recogen"
PSL_DATA_USAGE_RESPONSES:PSL_POLITICAL_RELIGIOUS:PSL_DATA_USAGE_COLLECTION_AND_SHARING,PSL_DATA_USAGE_ONLY_SHARED,,MULTIPLE_CHOICE,"Uso y gestión de datos (Opiniones políticas y creencias religiosas)/¿Tu aplicación recoge estos datos, los comparte o hace ambas cosas?/Se comparten"
PSL_DATA_USAGE_RESPONSES:PSL_POLITICAL_RELIGIOUS:PSL_DATA_USAGE_EPHEMERAL,,,MAYBE_REQUIRED,Uso y gestión de datos (Opiniones políticas y creencias religiosas)/¿Se tratan estos datos de forma temporal?
PSL_DATA_USAGE_RESPONSES:PSL_POLITICAL_RELIGIOUS:DATA_USAGE_USER_CONTROL,PSL_DATA_USAGE_USER_CONTROL_OPTIONAL,,SINGLE_CHOICE,Uso y gestión de datos (Opiniones políticas y creencias religiosas)/¿Son estos datos necesarios para usar tu aplicación o pueden los usuarios elegir si se recogen o no?/Los usuarios pueden elegir si se recogen estos datos o no
PSL_DATA_USAGE_RESPONSES:PSL_POLITICAL_RELIGIOUS:DATA_USAGE_USER_CONTROL,PSL_DATA_USAGE_USER_CONTROL_REQUIRED,,SINGLE_CHOICE,Uso y gestión de datos (Opiniones políticas y creencias religiosas)/¿Son estos datos necesarios para usar tu aplicación o pueden los usuarios elegir si se recogen o no?/La recogida de datos es necesaria (los usuarios no pueden desactivarla)
PSL_DATA_USAGE_RESPONSES:PSL_POLITICAL_RELIGIOUS:DATA_USAGE_COLLECTION_PURPOSE,PSL_APP_FUNCTIONALITY,,MULTIPLE_CHOICE,Uso y gestión de datos (Opiniones políticas y creencias religiosas)/¿Por qué se recogen estos datos de usuario? Selecciona todas las opciones que correspondan./Funcionalidad de la aplicación
PSL_DATA_USAGE_RESPONSES:PSL_POLITICAL_RELIGIOUS:DATA_USAGE_COLLECTION_PURPOSE,PSL_ANALYTICS,,MULTIPLE_CHOICE,Uso y gestión de datos (Opiniones políticas y creencias religiosas)/¿Por qué se recogen estos datos de usuario? Selecciona todas las opciones que correspondan./Análisis
PSL_DATA_USAGE_RESPONSES:PSL_POLITICAL_RELIGIOUS:DATA_USAGE_COLLECTION_PURPOSE,PSL_DEVELOPER_COMMUNICATIONS,,MULTIPLE_CHOICE,Uso y gestión de datos (Opiniones políticas y creencias religiosas)/¿Por qué se recogen estos datos de usuario? Selecciona todas las opciones que correspondan./Comunicaciones del desarrollador
PSL_DATA_USAGE_RESPONSES:PSL_POLITICAL_RELIGIOUS:DATA_USAGE_COLLECTION_PURPOSE,PSL_FRAUD_PREVENTION_SECURITY,,MULTIPLE_CHOICE,"Uso y gestión de datos (Opiniones políticas y creencias religiosas)/¿Por qué se recogen estos datos de usuario? Selecciona todas las opciones que correspondan./Prevención de fraudes, seguridad y cumplimiento"
PSL_DATA_USAGE_RESPONSES:PSL_POLITICAL_RELIGIOUS:DATA_USAGE_COLLECTION_PURPOSE,PSL_ADVERTISING,,MULTIPLE_CHOICE,Uso y gestión de datos (Opiniones políticas y creencias religiosas)/¿Por qué se recogen estos datos de usuario? Selecciona todas las opciones que correspondan./Publicidad o marketing
PSL_DATA_USAGE_RESPONSES:PSL_POLITICAL_RELIGIOUS:DATA_USAGE_COLLECTION_PURPOSE,PSL_PERSONALIZATION,,MULTIPLE_CHOICE,Uso y gestión de datos (Opiniones políticas y creencias religiosas)/¿Por qué se recogen estos datos de usuario? Selecciona todas las opciones que correspondan./Personalización
PSL_DATA_USAGE_RESPONSES:PSL_POLITICAL_RELIGIOUS:DATA_USAGE_COLLECTION_PURPOSE,PSL_ACCOUNT_MANAGEMENT,,MULTIPLE_CHOICE,Uso y gestión de datos (Opiniones políticas y creencias religiosas)/¿Por qué se recogen estos datos de usuario? Selecciona todas las opciones que correspondan./Gestión de cuentas
PSL_DATA_USAGE_RESPONSES:PSL_POLITICAL_RELIGIOUS:DATA_USAGE_SHARING_PURPOSE,PSL_APP_FUNCTIONALITY,,MULTIPLE_CHOICE,Uso y gestión de datos (Opiniones políticas y creencias religiosas)/¿Por qué se comparten estos datos de usuario? Selecciona todas las opciones que correspondan./Funcionalidad de la aplicación
PSL_DATA_USAGE_RESPONSES:PSL_POLITICAL_RELIGIOUS:DATA_USAGE_SHARING_PURPOSE,PSL_ANALYTICS,,MULTIPLE_CHOICE,Uso y gestión de datos (Opiniones políticas y creencias religiosas)/¿Por qué se comparten estos datos de usuario? Selecciona todas las opciones que correspondan./Análisis
PSL_DATA_USAGE_RESPONSES:PSL_POLITICAL_RELIGIOUS:DATA_USAGE_SHARING_PURPOSE,PSL_DEVELOPER_COMMUNICATIONS,,MULTIPLE_CHOICE,Uso y gestión de datos (Opiniones políticas y creencias religiosas)/¿Por qué se comparten estos datos de usuario? Selecciona todas las opciones que correspondan./Comunicaciones del desarrollador
PSL_DATA_USAGE_RESPONSES:PSL_POLITICAL_RELIGIOUS:DATA_USAGE_SHARING_PURPOSE,PSL_FRAUD_PREVENTION_SECURITY,,MULTIPLE_CHOICE,"Uso y gestión de datos (Opiniones políticas y creencias religiosas)/¿Por qué se comparten estos datos de usuario? Selecciona todas las opciones que correspondan./Prevención de fraudes, seguridad y cumplimiento"
PSL_DATA_USAGE_RESPONSES:PSL_POLITICAL_RELIGIOUS:DATA_USAGE_SHARING_PURPOSE,PSL_ADVERTISING,,MULTIPLE_CHOICE,Uso y gestión de datos (Opiniones políticas y creencias religiosas)/¿Por qué se comparten estos datos de usuario? Selecciona todas las opciones que correspondan./Publicidad o marketing
PSL_DATA_USAGE_RESPONSES:PSL_POLITICAL_RELIGIOUS:DATA_USAGE_SHARING_PURPOSE,PSL_PERSONALIZATION,,MULTIPLE_CHOICE,Uso y gestión de datos (Opiniones políticas y creencias religiosas)/¿Por qué se comparten estos datos de usuario? Selecciona todas las opciones que correspondan./Personalización
PSL_DATA_USAGE_RESPONSES:PSL_POLITICAL_RELIGIOUS:DATA_USAGE_SHARING_PURPOSE,PSL_ACCOUNT_MANAGEMENT,,MULTIPLE_CHOICE,Uso y gestión de datos (Opiniones políticas y creencias religiosas)/¿Por qué se comparten estos datos de usuario? Selecciona todas las opciones que correspondan./Gestión de cuentas
PSL_DATA_USAGE_RESPONSES:PSL_SEXUAL_ORIENTATION_GENDER_IDENTITY:PSL_DATA_USAGE_COLLECTION_AND_SHARING,PSL_DATA_USAGE_ONLY_COLLECTED,,MULTIPLE_CHOICE,"Uso y gestión de datos (Orientación sexual)/¿Tu aplicación recoge estos datos, los comparte o hace ambas cosas?/Se recogen"
PSL_DATA_USAGE_RESPONSES:PSL_SEXUAL_ORIENTATION_GENDER_IDENTITY:PSL_DATA_USAGE_COLLECTION_AND_SHARING,PSL_DATA_USAGE_ONLY_SHARED,,MULTIPLE_CHOICE,"Uso y gestión de datos (Orientación sexual)/¿Tu aplicación recoge estos datos, los comparte o hace ambas cosas?/Se comparten"
PSL_DATA_USAGE_RESPONSES:PSL_SEXUAL_ORIENTATION_GENDER_IDENTITY:PSL_DATA_USAGE_EPHEMERAL,,,MAYBE_REQUIRED,Uso y gestión de datos (Orientación sexual)/¿Se tratan estos datos de forma temporal?
PSL_DATA_USAGE_RESPONSES:PSL_SEXUAL_ORIENTATION_GENDER_IDENTITY:DATA_USAGE_USER_CONTROL,PSL_DATA_USAGE_USER_CONTROL_OPTIONAL,,SINGLE_CHOICE,Uso y gestión de datos (Orientación sexual)/¿Son estos datos necesarios para usar tu aplicación o pueden los usuarios elegir si se recogen o no?/Los usuarios pueden elegir si se recogen estos datos o no
PSL_DATA_USAGE_RESPONSES:PSL_SEXUAL_ORIENTATION_GENDER_IDENTITY:DATA_USAGE_USER_CONTROL,PSL_DATA_USAGE_USER_CONTROL_REQUIRED,,SINGLE_CHOICE,Uso y gestión de datos (Orientación sexual)/¿Son estos datos necesarios para usar tu aplicación o pueden los usuarios elegir si se recogen o no?/La recogida de datos es necesaria (los usuarios no pueden desactivarla)
PSL_DATA_USAGE_RESPONSES:PSL_SEXUAL_ORIENTATION_GENDER_IDENTITY:DATA_USAGE_COLLECTION_PURPOSE,PSL_APP_FUNCTIONALITY,,MULTIPLE_CHOICE,Uso y gestión de datos (Orientación sexual)/¿Por qué se recogen estos datos de usuario? Selecciona todas las opciones que correspondan./Funcionalidad de la aplicación
PSL_DATA_USAGE_RESPONSES:PSL_SEXUAL_ORIENTATION_GENDER_IDENTITY:DATA_USAGE_COLLECTION_PURPOSE,PSL_ANALYTICS,,MULTIPLE_CHOICE,Uso y gestión de datos (Orientación sexual)/¿Por qué se recogen estos datos de usuario? Selecciona todas las opciones que correspondan./Análisis
PSL_DATA_USAGE_RESPONSES:PSL_SEXUAL_ORIENTATION_GENDER_IDENTITY:DATA_USAGE_COLLECTION_PURPOSE,PSL_DEVELOPER_COMMUNICATIONS,,MULTIPLE_CHOICE,Uso y gestión de datos (Orientación sexual)/¿Por qué se recogen estos datos de usuario? Selecciona todas las opciones que correspondan./Comunicaciones del desarrollador
PSL_DATA_USAGE_RESPONSES:PSL_SEXUAL_ORIENTATION_GENDER_IDENTITY:DATA_USAGE_COLLECTION_PURPOSE,PSL_FRAUD_PREVENTION_SECURITY,,MULTIPLE_CHOICE,"Uso y gestión de datos (Orientación sexual)/¿Por qué se recogen estos datos de usuario? Selecciona todas las opciones que correspondan./Prevención de fraudes, seguridad y cumplimiento"
PSL_DATA_USAGE_RESPONSES:PSL_SEXUAL_ORIENTATION_GENDER_IDENTITY:DATA_USAGE_COLLECTION_PURPOSE,PSL_ADVERTISING,,MULTIPLE_CHOICE,Uso y gestión de datos (Orientación sexual)/¿Por qué se recogen estos datos de usuario? Selecciona todas las opciones que correspondan./Publicidad o marketing
PSL_DATA_USAGE_RESPONSES:PSL_SEXUAL_ORIENTATION_GENDER_IDENTITY:DATA_USAGE_COLLECTION_PURPOSE,PSL_PERSONALIZATION,,MULTIPLE_CHOICE,Uso y gestión de datos (Orientación sexual)/¿Por qué se recogen estos datos de usuario? Selecciona todas las opciones que correspondan./Personalización
PSL_DATA_USAGE_RESPONSES:PSL_SEXUAL_ORIENTATION_GENDER_IDENTITY:DATA_USAGE_COLLECTION_PURPOSE,PSL_ACCOUNT_MANAGEMENT,,MULTIPLE_CHOICE,Uso y gestión de datos (Orientación sexual)/¿Por qué se recogen estos datos de usuario? Selecciona todas las opciones que correspondan./Gestión de cuentas
PSL_DATA_USAGE_RESPONSES:PSL_SEXUAL_ORIENTATION_GENDER_IDENTITY:DATA_USAGE_SHARING_PURPOSE,PSL_APP_FUNCTIONALITY,,MULTIPLE_CHOICE,Uso y gestión de datos (Orientación sexual)/¿Por qué se comparten estos datos de usuario? Selecciona todas las opciones que correspondan./Funcionalidad de la aplicación
PSL_DATA_USAGE_RESPONSES:PSL_SEXUAL_ORIENTATION_GENDER_IDENTITY:DATA_USAGE_SHARING_PURPOSE,PSL_ANALYTICS,,MULTIPLE_CHOICE,Uso y gestión de datos (Orientación sexual)/¿Por qué se comparten estos datos de usuario? Selecciona todas las opciones que correspondan./Análisis
PSL_DATA_USAGE_RESPONSES:PSL_SEXUAL_ORIENTATION_GENDER_IDENTITY:DATA_USAGE_SHARING_PURPOSE,PSL_DEVELOPER_COMMUNICATIONS,,MULTIPLE_CHOICE,Uso y gestión de datos (Orientación sexual)/¿Por qué se comparten estos datos de usuario? Selecciona todas las opciones que correspondan./Comunicaciones del desarrollador
PSL_DATA_USAGE_RESPONSES:PSL_SEXUAL_ORIENTATION_GENDER_IDENTITY:DATA_USAGE_SHARING_PURPOSE,PSL_FRAUD_PREVENTION_SECURITY,,MULTIPLE_CHOICE,"Uso y gestión de datos (Orientación sexual)/¿Por qué se comparten estos datos de usuario? Selecciona todas las opciones que correspondan./Prevención de fraudes, seguridad y cumplimiento"
PSL_DATA_USAGE_RESPONSES:PSL_SEXUAL_ORIENTATION_GENDER_IDENTITY:DATA_USAGE_SHARING_PURPOSE,PSL_ADVERTISING,,MULTIPLE_CHOICE,Uso y gestión de datos (Orientación sexual)/¿Por qué se comparten estos datos de usuario? Selecciona todas las opciones que correspondan./Publicidad o marketing
PSL_DATA_USAGE_RESPONSES:PSL_SEXUAL_ORIENTATION_GENDER_IDENTITY:DATA_USAGE_SHARING_PURPOSE,PSL_PERSONALIZATION,,MULTIPLE_CHOICE,Uso y gestión de datos (Orientación sexual)/¿Por qué se comparten estos datos de usuario? Selecciona todas las opciones que correspondan./Personalización
PSL_DATA_USAGE_RESPONSES:PSL_SEXUAL_ORIENTATION_GENDER_IDENTITY:DATA_USAGE_SHARING_PURPOSE,PSL_ACCOUNT_MANAGEMENT,,MULTIPLE_CHOICE,Uso y gestión de datos (Orientación sexual)/¿Por qué se comparten estos datos de usuario? Selecciona todas las opciones que correspondan./Gestión de cuentas
PSL_DATA_USAGE_RESPONSES:PSL_OTHER_PERSONAL:PSL_DATA_USAGE_COLLECTION_AND_SHARING,PSL_DATA_USAGE_ONLY_COLLECTED,,MULTIPLE_CHOICE,"Uso y gestión de datos (Otra información)/¿Tu aplicación recoge estos datos, los comparte o hace ambas cosas?/Se recogen"
PSL_DATA_USAGE_RESPONSES:PSL_OTHER_PERSONAL:PSL_DATA_USAGE_COLLECTION_AND_SHARING,PSL_DATA_USAGE_ONLY_SHARED,,MULTIPLE_CHOICE,"Uso y gestión de datos (Otra información)/¿Tu aplicación recoge estos datos, los comparte o hace ambas cosas?/Se comparten"
PSL_DATA_USAGE_RESPONSES:PSL_OTHER_PERSONAL:PSL_DATA_USAGE_EPHEMERAL,,,MAYBE_REQUIRED,Uso y gestión de datos (Otra información)/¿Se tratan estos datos de forma temporal?
PSL_DATA_USAGE_RESPONSES:PSL_OTHER_PERSONAL:DATA_USAGE_USER_CONTROL,PSL_DATA_USAGE_USER_CONTROL_OPTIONAL,,SINGLE_CHOICE,Uso y gestión de datos (Otra información)/¿Son estos datos necesarios para usar tu aplicación o pueden los usuarios elegir si se recogen o no?/Los usuarios pueden elegir si se recogen estos datos o no
PSL_DATA_USAGE_RESPONSES:PSL_OTHER_PERSONAL:DATA_USAGE_USER_CONTROL,PSL_DATA_USAGE_USER_CONTROL_REQUIRED,,SINGLE_CHOICE,Uso y gestión de datos (Otra información)/¿Son estos datos necesarios para usar tu aplicación o pueden los usuarios elegir si se recogen o no?/La recogida de datos es necesaria (los usuarios no pueden desactivarla)
PSL_DATA_USAGE_RESPONSES:PSL_OTHER_PERSONAL:DATA_USAGE_COLLECTION_PURPOSE,PSL_APP_FUNCTIONALITY,,MULTIPLE_CHOICE,Uso y gestión de datos (Otra información)/¿Por qué se recogen estos datos de usuario? Selecciona todas las opciones que correspondan./Funcionalidad de la aplicación
PSL_DATA_USAGE_RESPONSES:PSL_OTHER_PERSONAL:DATA_USAGE_COLLECTION_PURPOSE,PSL_ANALYTICS,,MULTIPLE_CHOICE,Uso y gestión de datos (Otra información)/¿Por qué se recogen estos datos de usuario? Selecciona todas las opciones que correspondan./Análisis
PSL_DATA_USAGE_RESPONSES:PSL_OTHER_PERSONAL:DATA_USAGE_COLLECTION_PURPOSE,PSL_DEVELOPER_COMMUNICATIONS,,MULTIPLE_CHOICE,Uso y gestión de datos (Otra información)/¿Por qué se recogen estos datos de usuario? Selecciona todas las opciones que correspondan./Comunicaciones del desarrollador
PSL_DATA_USAGE_RESPONSES:PSL_OTHER_PERSONAL:DATA_USAGE_COLLECTION_PURPOSE,PSL_FRAUD_PREVENTION_SECURITY,,MULTIPLE_CHOICE,"Uso y gestión de datos (Otra información)/¿Por qué se recogen estos datos de usuario? Selecciona todas las opciones que correspondan./Prevención de fraudes, seguridad y cumplimiento"
PSL_DATA_USAGE_RESPONSES:PSL_OTHER_PERSONAL:DATA_USAGE_COLLECTION_PURPOSE,PSL_ADVERTISING,,MULTIPLE_CHOICE,Uso y gestión de datos (Otra información)/¿Por qué se recogen estos datos de usuario? Selecciona todas las opciones que correspondan./Publicidad o marketing
PSL_DATA_USAGE_RESPONSES:PSL_OTHER_PERSONAL:DATA_USAGE_COLLECTION_PURPOSE,PSL_PERSONALIZATION,,MULTIPLE_CHOICE,Uso y gestión de datos (Otra información)/¿Por qué se recogen estos datos de usuario? Selecciona todas las opciones que correspondan./Personalización
PSL_DATA_USAGE_RESPONSES:PSL_OTHER_PERSONAL:DATA_USAGE_COLLECTION_PURPOSE,PSL_ACCOUNT_MANAGEMENT,,MULTIPLE_CHOICE,Uso y gestión de datos (Otra información)/¿Por qué se recogen estos datos de usuario? Selecciona todas las opciones que correspondan./Gestión de cuentas
PSL_DATA_USAGE_RESPONSES:PSL_OTHER_PERSONAL:DATA_USAGE_SHARING_PURPOSE,PSL_APP_FUNCTIONALITY,,MULTIPLE_CHOICE,Uso y gestión de datos (Otra información)/¿Por qué se comparten estos datos de usuario? Selecciona todas las opciones que correspondan./Funcionalidad de la aplicación
PSL_DATA_USAGE_RESPONSES:PSL_OTHER_PERSONAL:DATA_USAGE_SHARING_PURPOSE,PSL_ANALYTICS,,MULTIPLE_CHOICE,Uso y gestión de datos (Otra información)/¿Por qué se comparten estos datos de usuario? Selecciona todas las opciones que correspondan./Análisis
PSL_DATA_USAGE_RESPONSES:PSL_OTHER_PERSONAL:DATA_USAGE_SHARING_PURPOSE,PSL_DEVELOPER_COMMUNICATIONS,,MULTIPLE_CHOICE,Uso y gestión de datos (Otra información)/¿Por qué se comparten estos datos de usuario? Selecciona todas las opciones que correspondan./Comunicaciones del desarrollador
PSL_DATA_USAGE_RESPONSES:PSL_OTHER_PERSONAL:DATA_USAGE_SHARING_PURPOSE,PSL_FRAUD_PREVENTION_SECURITY,,MULTIPLE_CHOICE,"Uso y gestión de datos (Otra información)/¿Por qué se comparten estos datos de usuario? Selecciona todas las opciones que correspondan./Prevención de fraudes, seguridad y cumplimiento"
PSL_DATA_USAGE_RESPONSES:PSL_OTHER_PERSONAL:DATA_USAGE_SHARING_PURPOSE,PSL_ADVERTISING,,MULTIPLE_CHOICE,Uso y gestión de datos (Otra información)/¿Por qué se comparten estos datos de usuario? Selecciona todas las opciones que correspondan./Publicidad o marketing
PSL_DATA_USAGE_RESPONSES:PSL_OTHER_PERSONAL:DATA_USAGE_SHARING_PURPOSE,PSL_PERSONALIZATION,,MULTIPLE_CHOICE,Uso y gestión de datos (Otra información)/¿Por qué se comparten estos datos de usuario? Selecciona todas las opciones que correspondan./Personalización
PSL_DATA_USAGE_RESPONSES:PSL_OTHER_PERSONAL:DATA_USAGE_SHARING_PURPOSE,PSL_ACCOUNT_MANAGEMENT,,MULTIPLE_CHOICE,Uso y gestión de datos (Otra información)/¿Por qué se comparten estos datos de usuario? Selecciona todas las opciones que correspondan./Gestión de cuentas
PSL_DATA_USAGE_RESPONSES:PSL_CREDIT_DEBIT_BANK_ACCOUNT_NUMBER:PSL_DATA_USAGE_COLLECTION_AND_SHARING,PSL_DATA_USAGE_ONLY_COLLECTED,,MULTIPLE_CHOICE,"Uso y gestión de datos (Información para pagos del usuario)/¿Tu aplicación recoge estos datos, los comparte o hace ambas cosas?/Se recogen"
PSL_DATA_USAGE_RESPONSES:PSL_CREDIT_DEBIT_BANK_ACCOUNT_NUMBER:PSL_DATA_USAGE_COLLECTION_AND_SHARING,PSL_DATA_USAGE_ONLY_SHARED,,MULTIPLE_CHOICE,"Uso y gestión de datos (Información para pagos del usuario)/¿Tu aplicación recoge estos datos, los comparte o hace ambas cosas?/Se comparten"
PSL_DATA_USAGE_RESPONSES:PSL_CREDIT_DEBIT_BANK_ACCOUNT_NUMBER:PSL_DATA_USAGE_EPHEMERAL,,,MAYBE_REQUIRED,Uso y gestión de datos (Información para pagos del usuario)/¿Se tratan estos datos de forma temporal?
PSL_DATA_USAGE_RESPONSES:PSL_CREDIT_DEBIT_BANK_ACCOUNT_NUMBER:DATA_USAGE_USER_CONTROL,PSL_DATA_USAGE_USER_CONTROL_OPTIONAL,,SINGLE_CHOICE,Uso y gestión de datos (Información para pagos del usuario)/¿Son estos datos necesarios para usar tu aplicación o pueden los usuarios elegir si se recogen o no?/Los usuarios pueden elegir si se recogen estos datos o no
PSL_DATA_USAGE_RESPONSES:PSL_CREDIT_DEBIT_BANK_ACCOUNT_NUMBER:DATA_USAGE_USER_CONTROL,PSL_DATA_USAGE_USER_CONTROL_REQUIRED,,SINGLE_CHOICE,Uso y gestión de datos (Información para pagos del usuario)/¿Son estos datos necesarios para usar tu aplicación o pueden los usuarios elegir si se recogen o no?/La recogida de datos es necesaria (los usuarios no pueden desactivarla)
PSL_DATA_USAGE_RESPONSES:PSL_CREDIT_DEBIT_BANK_ACCOUNT_NUMBER:DATA_USAGE_COLLECTION_PURPOSE,PSL_APP_FUNCTIONALITY,,MULTIPLE_CHOICE,Uso y gestión de datos (Información para pagos del usuario)/¿Por qué se recogen estos datos de usuario? Selecciona todas las opciones que correspondan./Funcionalidad de la aplicación
PSL_DATA_USAGE_RESPONSES:PSL_CREDIT_DEBIT_BANK_ACCOUNT_NUMBER:DATA_USAGE_COLLECTION_PURPOSE,PSL_ANALYTICS,,MULTIPLE_CHOICE,Uso y gestión de datos (Información para pagos del usuario)/¿Por qué se recogen estos datos de usuario? Selecciona todas las opciones que correspondan./Análisis
PSL_DATA_USAGE_RESPONSES:PSL_CREDIT_DEBIT_BANK_ACCOUNT_NUMBER:DATA_USAGE_COLLECTION_PURPOSE,PSL_DEVELOPER_COMMUNICATIONS,,MULTIPLE_CHOICE,Uso y gestión de datos (Información para pagos del usuario)/¿Por qué se recogen estos datos de usuario? Selecciona todas las opciones que correspondan./Comunicaciones del desarrollador
PSL_DATA_USAGE_RESPONSES:PSL_CREDIT_DEBIT_BANK_ACCOUNT_NUMBER:DATA_USAGE_COLLECTION_PURPOSE,PSL_FRAUD_PREVENTION_SECURITY,,MULTIPLE_CHOICE,"Uso y gestión de datos (Información para pagos del usuario)/¿Por qué se recogen estos datos de usuario? Selecciona todas las opciones que correspondan./Prevención de fraudes, seguridad y cumplimiento"
PSL_DATA_USAGE_RESPONSES:PSL_CREDIT_DEBIT_BANK_ACCOUNT_NUMBER:DATA_USAGE_COLLECTION_PURPOSE,PSL_ADVERTISING,,MULTIPLE_CHOICE,Uso y gestión de datos (Información para pagos del usuario)/¿Por qué se recogen estos datos de usuario? Selecciona todas las opciones que correspondan./Publicidad o marketing
PSL_DATA_USAGE_RESPONSES:PSL_CREDIT_DEBIT_BANK_ACCOUNT_NUMBER:DATA_USAGE_COLLECTION_PURPOSE,PSL_PERSONALIZATION,,MULTIPLE_CHOICE,Uso y gestión de datos (Información para pagos del usuario)/¿Por qué se recogen estos datos de usuario? Selecciona todas las opciones que correspondan./Personalización
PSL_DATA_USAGE_RESPONSES:PSL_CREDIT_DEBIT_BANK_ACCOUNT_NUMBER:DATA_USAGE_COLLECTION_PURPOSE,PSL_ACCOUNT_MANAGEMENT,,MULTIPLE_CHOICE,Uso y gestión de datos (Información para pagos del usuario)/¿Por qué se recogen estos datos de usuario? Selecciona todas las opciones que correspondan./Gestión de cuentas
PSL_DATA_USAGE_RESPONSES:PSL_CREDIT_DEBIT_BANK_ACCOUNT_NUMBER:DATA_USAGE_SHARING_PURPOSE,PSL_APP_FUNCTIONALITY,,MULTIPLE_CHOICE,Uso y gestión de datos (Información para pagos del usuario)/¿Por qué se comparten estos datos de usuario? Selecciona todas las opciones que correspondan./Funcionalidad de la aplicación
PSL_DATA_USAGE_RESPONSES:PSL_CREDIT_DEBIT_BANK_ACCOUNT_NUMBER:DATA_USAGE_SHARING_PURPOSE,PSL_ANALYTICS,,MULTIPLE_CHOICE,Uso y gestión de datos (Información para pagos del usuario)/¿Por qué se comparten estos datos de usuario? Selecciona todas las opciones que correspondan./Análisis
PSL_DATA_USAGE_RESPONSES:PSL_CREDIT_DEBIT_BANK_ACCOUNT_NUMBER:DATA_USAGE_SHARING_PURPOSE,PSL_DEVELOPER_COMMUNICATIONS,,MULTIPLE_CHOICE,Uso y gestión de datos (Información para pagos del usuario)/¿Por qué se comparten estos datos de usuario? Selecciona todas las opciones que correspondan./Comunicaciones del desarrollador
PSL_DATA_USAGE_RESPONSES:PSL_CREDIT_DEBIT_BANK_ACCOUNT_NUMBER:DATA_USAGE_SHARING_PURPOSE,PSL_FRAUD_PREVENTION_SECURITY,,MULTIPLE_CHOICE,"Uso y gestión de datos (Información para pagos del usuario)/¿Por qué se comparten estos datos de usuario? Selecciona todas las opciones que correspondan./Prevención de fraudes, seguridad y cumplimiento"
PSL_DATA_USAGE_RESPONSES:PSL_CREDIT_DEBIT_BANK_ACCOUNT_NUMBER:DATA_USAGE_SHARING_PURPOSE,PSL_ADVERTISING,,MULTIPLE_CHOICE,Uso y gestión de datos (Información para pagos del usuario)/¿Por qué se comparten estos datos de usuario? Selecciona todas las opciones que correspondan./Publicidad o marketing
PSL_DATA_USAGE_RESPONSES:PSL_CREDIT_DEBIT_BANK_ACCOUNT_NUMBER:DATA_USAGE_SHARING_PURPOSE,PSL_PERSONALIZATION,,MULTIPLE_CHOICE,Uso y gestión de datos (Información para pagos del usuario)/¿Por qué se comparten estos datos de usuario? Selecciona todas las opciones que correspondan./Personalización
PSL_DATA_USAGE_RESPONSES:PSL_CREDIT_DEBIT_BANK_ACCOUNT_NUMBER:DATA_USAGE_SHARING_PURPOSE,PSL_ACCOUNT_MANAGEMENT,,MULTIPLE_CHOICE,Uso y gestión de datos (Información para pagos del usuario)/¿Por qué se comparten estos datos de usuario? Selecciona todas las opciones que correspondan./Gestión de cuentas
PSL_DATA_USAGE_RESPONSES:PSL_PURCHASE_HISTORY:PSL_DATA_USAGE_COLLECTION_AND_SHARING,PSL_DATA_USAGE_ONLY_COLLECTED,true,MULTIPLE_CHOICE,"Uso y gestión de datos (Historial de compras)/¿Tu aplicación recoge estos datos, los comparte o hace ambas cosas?/Se recogen"
PSL_DATA_USAGE_RESPONSES:PSL_PURCHASE_HISTORY:PSL_DATA_USAGE_COLLECTION_AND_SHARING,PSL_DATA_USAGE_ONLY_SHARED,true,MULTIPLE_CHOICE,"Uso y gestión de datos (Historial de compras)/¿Tu aplicación recoge estos datos, los comparte o hace ambas cosas?/Se comparten"
PSL_DATA_USAGE_RESPONSES:PSL_PURCHASE_HISTORY:PSL_DATA_USAGE_EPHEMERAL,,false,MAYBE_REQUIRED,Uso y gestión de datos (Historial de compras)/¿Se tratan estos datos de forma temporal?
PSL_DATA_USAGE_RESPONSES:PSL_PURCHASE_HISTORY:DATA_USAGE_USER_CONTROL,PSL_DATA_USAGE_USER_CONTROL_OPTIONAL,true,SINGLE_CHOICE,Uso y gestión de datos (Historial de compras)/¿Son estos datos necesarios para usar tu aplicación o pueden los usuarios elegir si se recogen o no?/Los usuarios pueden elegir si se recogen estos datos o no
PSL_DATA_USAGE_RESPONSES:PSL_PURCHASE_HISTORY:DATA_USAGE_USER_CONTROL,PSL_DATA_USAGE_USER_CONTROL_REQUIRED,,SINGLE_CHOICE,Uso y gestión de datos (Historial de compras)/¿Son estos datos necesarios para usar tu aplicación o pueden los usuarios elegir si se recogen o no?/La recogida de datos es necesaria (los usuarios no pueden desactivarla)
PSL_DATA_USAGE_RESPONSES:PSL_PURCHASE_HISTORY:DATA_USAGE_COLLECTION_PURPOSE,PSL_APP_FUNCTIONALITY,true,MULTIPLE_CHOICE,Uso y gestión de datos (Historial de compras)/¿Por qué se recogen estos datos de usuario? Selecciona todas las opciones que correspondan./Funcionalidad de la aplicación
PSL_DATA_USAGE_RESPONSES:PSL_PURCHASE_HISTORY:DATA_USAGE_COLLECTION_PURPOSE,PSL_ANALYTICS,true,MULTIPLE_CHOICE,Uso y gestión de datos (Historial de compras)/¿Por qué se recogen estos datos de usuario? Selecciona todas las opciones que correspondan./Análisis
PSL_DATA_USAGE_RESPONSES:PSL_PURCHASE_HISTORY:DATA_USAGE_COLLECTION_PURPOSE,PSL_DEVELOPER_COMMUNICATIONS,,MULTIPLE_CHOICE,Uso y gestión de datos (Historial de compras)/¿Por qué se recogen estos datos de usuario? Selecciona todas las opciones que correspondan./Comunicaciones del desarrollador
PSL_DATA_USAGE_RESPONSES:PSL_PURCHASE_HISTORY:DATA_USAGE_COLLECTION_PURPOSE,PSL_FRAUD_PREVENTION_SECURITY,true,MULTIPLE_CHOICE,"Uso y gestión de datos (Historial de compras)/¿Por qué se recogen estos datos de usuario? Selecciona todas las opciones que correspondan./Prevención de fraudes, seguridad y cumplimiento"
PSL_DATA_USAGE_RESPONSES:PSL_PURCHASE_HISTORY:DATA_USAGE_COLLECTION_PURPOSE,PSL_ADVERTISING,true,MULTIPLE_CHOICE,Uso y gestión de datos (Historial de compras)/¿Por qué se recogen estos datos de usuario? Selecciona todas las opciones que correspondan./Publicidad o marketing
PSL_DATA_USAGE_RESPONSES:PSL_PURCHASE_HISTORY:DATA_USAGE_COLLECTION_PURPOSE,PSL_PERSONALIZATION,,MULTIPLE_CHOICE,Uso y gestión de datos (Historial de compras)/¿Por qué se recogen estos datos de usuario? Selecciona todas las opciones que correspondan./Personalización
PSL_DATA_USAGE_RESPONSES:PSL_PURCHASE_HISTORY:DATA_USAGE_COLLECTION_PURPOSE,PSL_ACCOUNT_MANAGEMENT,true,MULTIPLE_CHOICE,Uso y gestión de datos (Historial de compras)/¿Por qué se recogen estos datos de usuario? Selecciona todas las opciones que correspondan./Gestión de cuentas
PSL_DATA_USAGE_RESPONSES:PSL_PURCHASE_HISTORY:DATA_USAGE_SHARING_PURPOSE,PSL_APP_FUNCTIONALITY,true,MULTIPLE_CHOICE,Uso y gestión de datos (Historial de compras)/¿Por qué se comparten estos datos de usuario? Selecciona todas las opciones que correspondan./Funcionalidad de la aplicación
PSL_DATA_USAGE_RESPONSES:PSL_PURCHASE_HISTORY:DATA_USAGE_SHARING_PURPOSE,PSL_ANALYTICS,true,MULTIPLE_CHOICE,Uso y gestión de datos (Historial de compras)/¿Por qué se comparten estos datos de usuario? Selecciona todas las opciones que correspondan./Análisis
PSL_DATA_USAGE_RESPONSES:PSL_PURCHASE_HISTORY:DATA_USAGE_SHARING_PURPOSE,PSL_DEVELOPER_COMMUNICATIONS,,MULTIPLE_CHOICE,Uso y gestión de datos (Historial de compras)/¿Por qué se comparten estos datos de usuario? Selecciona todas las opciones que correspondan./Comunicaciones del desarrollador
PSL_DATA_USAGE_RESPONSES:PSL_PURCHASE_HISTORY:DATA_USAGE_SHARING_PURPOSE,PSL_FRAUD_PREVENTION_SECURITY,true,MULTIPLE_CHOICE,"Uso y gestión de datos (Historial de compras)/¿Por qué se comparten estos datos de usuario? Selecciona todas las opciones que correspondan./Prevención de fraudes, seguridad y cumplimiento"
PSL_DATA_USAGE_RESPONSES:PSL_PURCHASE_HISTORY:DATA_USAGE_SHARING_PURPOSE,PSL_ADVERTISING,true,MULTIPLE_CHOICE,Uso y gestión de datos (Historial de compras)/¿Por qué se comparten estos datos de usuario? Selecciona todas las opciones que correspondan./Publicidad o marketing
PSL_DATA_USAGE_RESPONSES:PSL_PURCHASE_HISTORY:DATA_USAGE_SHARING_PURPOSE,PSL_PERSONALIZATION,,MULTIPLE_CHOICE,Uso y gestión de datos (Historial de compras)/¿Por qué se comparten estos datos de usuario? Selecciona todas las opciones que correspondan./Personalización
PSL_DATA_USAGE_RESPONSES:PSL_PURCHASE_HISTORY:DATA_USAGE_SHARING_PURPOSE,PSL_ACCOUNT_MANAGEMENT,true,MULTIPLE_CHOICE,Uso y gestión de datos (Historial de compras)/¿Por qué se comparten estos datos de usuario? Selecciona todas las opciones que correspondan./Gestión de cuentas
PSL_DATA_USAGE_RESPONSES:PSL_CREDIT_SCORE:PSL_DATA_USAGE_COLLECTION_AND_SHARING,PSL_DATA_USAGE_ONLY_COLLECTED,,MULTIPLE_CHOICE,"Uso y gestión de datos (Calificación crediticia)/¿Tu aplicación recoge estos datos, los comparte o hace ambas cosas?/Se recogen"
PSL_DATA_USAGE_RESPONSES:PSL_CREDIT_SCORE:PSL_DATA_USAGE_COLLECTION_AND_SHARING,PSL_DATA_USAGE_ONLY_SHARED,,MULTIPLE_CHOICE,"Uso y gestión de datos (Calificación crediticia)/¿Tu aplicación recoge estos datos, los comparte o hace ambas cosas?/Se comparten"
PSL_DATA_USAGE_RESPONSES:PSL_CREDIT_SCORE:PSL_DATA_USAGE_EPHEMERAL,,,MAYBE_REQUIRED,Uso y gestión de datos (Calificación crediticia)/¿Se tratan estos datos de forma temporal?
PSL_DATA_USAGE_RESPONSES:PSL_CREDIT_SCORE:DATA_USAGE_USER_CONTROL,PSL_DATA_USAGE_USER_CONTROL_OPTIONAL,,SINGLE_CHOICE,Uso y gestión de datos (Calificación crediticia)/¿Son estos datos necesarios para usar tu aplicación o pueden los usuarios elegir si se recogen o no?/Los usuarios pueden elegir si se recogen estos datos o no
PSL_DATA_USAGE_RESPONSES:PSL_CREDIT_SCORE:DATA_USAGE_USER_CONTROL,PSL_DATA_USAGE_USER_CONTROL_REQUIRED,,SINGLE_CHOICE,Uso y gestión de datos (Calificación crediticia)/¿Son estos datos necesarios para usar tu aplicación o pueden los usuarios elegir si se recogen o no?/La recogida de datos es necesaria (los usuarios no pueden desactivarla)
PSL_DATA_USAGE_RESPONSES:PSL_CREDIT_SCORE:DATA_USAGE_COLLECTION_PURPOSE,PSL_APP_FUNCTIONALITY,,MULTIPLE_CHOICE,Uso y gestión de datos (Calificación crediticia)/¿Por qué se recogen estos datos de usuario? Selecciona todas las opciones que correspondan./Funcionalidad de la aplicación
PSL_DATA_USAGE_RESPONSES:PSL_CREDIT_SCORE:DATA_USAGE_COLLECTION_PURPOSE,PSL_ANALYTICS,,MULTIPLE_CHOICE,Uso y gestión de datos (Calificación crediticia)/¿Por qué se recogen estos datos de usuario? Selecciona todas las opciones que correspondan./Análisis
PSL_DATA_USAGE_RESPONSES:PSL_CREDIT_SCORE:DATA_USAGE_COLLECTION_PURPOSE,PSL_DEVELOPER_COMMUNICATIONS,,MULTIPLE_CHOICE,Uso y gestión de datos (Calificación crediticia)/¿Por qué se recogen estos datos de usuario? Selecciona todas las opciones que correspondan./Comunicaciones del desarrollador
PSL_DATA_USAGE_RESPONSES:PSL_CREDIT_SCORE:DATA_USAGE_COLLECTION_PURPOSE,PSL_FRAUD_PREVENTION_SECURITY,,MULTIPLE_CHOICE,"Uso y gestión de datos (Calificación crediticia)/¿Por qué se recogen estos datos de usuario? Selecciona todas las opciones que correspondan./Prevención de fraudes, seguridad y cumplimiento"
PSL_DATA_USAGE_RESPONSES:PSL_CREDIT_SCORE:DATA_USAGE_COLLECTION_PURPOSE,PSL_ADVERTISING,,MULTIPLE_CHOICE,Uso y gestión de datos (Calificación crediticia)/¿Por qué se recogen estos datos de usuario? Selecciona todas las opciones que correspondan./Publicidad o marketing
PSL_DATA_USAGE_RESPONSES:PSL_CREDIT_SCORE:DATA_USAGE_COLLECTION_PURPOSE,PSL_PERSONALIZATION,,MULTIPLE_CHOICE,Uso y gestión de datos (Calificación crediticia)/¿Por qué se recogen estos datos de usuario? Selecciona todas las opciones que correspondan./Personalización
PSL_DATA_USAGE_RESPONSES:PSL_CREDIT_SCORE:DATA_USAGE_COLLECTION_PURPOSE,PSL_ACCOUNT_MANAGEMENT,,MULTIPLE_CHOICE,Uso y gestión de datos (Calificación crediticia)/¿Por qué se recogen estos datos de usuario? Selecciona todas las opciones que correspondan./Gestión de cuentas
PSL_DATA_USAGE_RESPONSES:PSL_CREDIT_SCORE:DATA_USAGE_SHARING_PURPOSE,PSL_APP_FUNCTIONALITY,,MULTIPLE_CHOICE,Uso y gestión de datos (Calificación crediticia)/¿Por qué se comparten estos datos de usuario? Selecciona todas las opciones que correspondan./Funcionalidad de la aplicación
PSL_DATA_USAGE_RESPONSES:PSL_CREDIT_SCORE:DATA_USAGE_SHARING_PURPOSE,PSL_ANALYTICS,,MULTIPLE_CHOICE,Uso y gestión de datos (Calificación crediticia)/¿Por qué se comparten estos datos de usuario? Selecciona todas las opciones que correspondan./Análisis
PSL_DATA_USAGE_RESPONSES:PSL_CREDIT_SCORE:DATA_USAGE_SHARING_PURPOSE,PSL_DEVELOPER_COMMUNICATIONS,,MULTIPLE_CHOICE,Uso y gestión de datos (Calificación crediticia)/¿Por qué se comparten estos datos de usuario? Selecciona todas las opciones que correspondan./Comunicaciones del desarrollador
PSL_DATA_USAGE_RESPONSES:PSL_CREDIT_SCORE:DATA_USAGE_SHARING_PURPOSE,PSL_FRAUD_PREVENTION_SECURITY,,MULTIPLE_CHOICE,"Uso y gestión de datos (Calificación crediticia)/¿Por qué se comparten estos datos de usuario? Selecciona todas las opciones que correspondan./Prevención de fraudes, seguridad y cumplimiento"
PSL_DATA_USAGE_RESPONSES:PSL_CREDIT_SCORE:DATA_USAGE_SHARING_PURPOSE,PSL_ADVERTISING,,MULTIPLE_CHOICE,Uso y gestión de datos (Calificación crediticia)/¿Por qué se comparten estos datos de usuario? Selecciona todas las opciones que correspondan./Publicidad o marketing
PSL_DATA_USAGE_RESPONSES:PSL_CREDIT_SCORE:DATA_USAGE_SHARING_PURPOSE,PSL_PERSONALIZATION,,MULTIPLE_CHOICE,Uso y gestión de datos (Calificación crediticia)/¿Por qué se comparten estos datos de usuario? Selecciona todas las opciones que correspondan./Personalización
PSL_DATA_USAGE_RESPONSES:PSL_CREDIT_SCORE:DATA_USAGE_SHARING_PURPOSE,PSL_ACCOUNT_MANAGEMENT,,MULTIPLE_CHOICE,Uso y gestión de datos (Calificación crediticia)/¿Por qué se comparten estos datos de usuario? Selecciona todas las opciones que correspondan./Gestión de cuentas
PSL_DATA_USAGE_RESPONSES:PSL_OTHER:PSL_DATA_USAGE_COLLECTION_AND_SHARING,PSL_DATA_USAGE_ONLY_COLLECTED,,MULTIPLE_CHOICE,"Uso y gestión de datos (Otra información financiera)/¿Tu aplicación recoge estos datos, los comparte o hace ambas cosas?/Se recogen"
PSL_DATA_USAGE_RESPONSES:PSL_OTHER:PSL_DATA_USAGE_COLLECTION_AND_SHARING,PSL_DATA_USAGE_ONLY_SHARED,,MULTIPLE_CHOICE,"Uso y gestión de datos (Otra información financiera)/¿Tu aplicación recoge estos datos, los comparte o hace ambas cosas?/Se comparten"
PSL_DATA_USAGE_RESPONSES:PSL_OTHER:PSL_DATA_USAGE_EPHEMERAL,,,MAYBE_REQUIRED,Uso y gestión de datos (Otra información financiera)/¿Se tratan estos datos de forma temporal?
PSL_DATA_USAGE_RESPONSES:PSL_OTHER:DATA_USAGE_USER_CONTROL,PSL_DATA_USAGE_USER_CONTROL_OPTIONAL,,SINGLE_CHOICE,Uso y gestión de datos (Otra información financiera)/¿Son estos datos necesarios para usar tu aplicación o pueden los usuarios elegir si se recogen o no?/Los usuarios pueden elegir si se recogen estos datos o no
PSL_DATA_USAGE_RESPONSES:PSL_OTHER:DATA_USAGE_USER_CONTROL,PSL_DATA_USAGE_USER_CONTROL_REQUIRED,,SINGLE_CHOICE,Uso y gestión de datos (Otra información financiera)/¿Son estos datos necesarios para usar tu aplicación o pueden los usuarios elegir si se recogen o no?/La recogida de datos es necesaria (los usuarios no pueden desactivarla)
PSL_DATA_USAGE_RESPONSES:PSL_OTHER:DATA_USAGE_COLLECTION_PURPOSE,PSL_APP_FUNCTIONALITY,,MULTIPLE_CHOICE,Uso y gestión de datos (Otra información financiera)/¿Por qué se recogen estos datos de usuario? Selecciona todas las opciones que correspondan./Funcionalidad de la aplicación
PSL_DATA_USAGE_RESPONSES:PSL_OTHER:DATA_USAGE_COLLECTION_PURPOSE,PSL_ANALYTICS,,MULTIPLE_CHOICE,Uso y gestión de datos (Otra información financiera)/¿Por qué se recogen estos datos de usuario? Selecciona todas las opciones que correspondan./Análisis
PSL_DATA_USAGE_RESPONSES:PSL_OTHER:DATA_USAGE_COLLECTION_PURPOSE,PSL_DEVELOPER_COMMUNICATIONS,,MULTIPLE_CHOICE,Uso y gestión de datos (Otra información financiera)/¿Por qué se recogen estos datos de usuario? Selecciona todas las opciones que correspondan./Comunicaciones del desarrollador
PSL_DATA_USAGE_RESPONSES:PSL_OTHER:DATA_USAGE_COLLECTION_PURPOSE,PSL_FRAUD_PREVENTION_SECURITY,,MULTIPLE_CHOICE,"Uso y gestión de datos (Otra información financiera)/¿Por qué se recogen estos datos de usuario? Selecciona todas las opciones que correspondan./Prevención de fraudes, seguridad y cumplimiento"
PSL_DATA_USAGE_RESPONSES:PSL_OTHER:DATA_USAGE_COLLECTION_PURPOSE,PSL_ADVERTISING,,MULTIPLE_CHOICE,Uso y gestión de datos (Otra información financiera)/¿Por qué se recogen estos datos de usuario? Selecciona todas las opciones que correspondan./Publicidad o marketing
PSL_DATA_USAGE_RESPONSES:PSL_OTHER:DATA_USAGE_COLLECTION_PURPOSE,PSL_PERSONALIZATION,,MULTIPLE_CHOICE,Uso y gestión de datos (Otra información financiera)/¿Por qué se recogen estos datos de usuario? Selecciona todas las opciones que correspondan./Personalización
PSL_DATA_USAGE_RESPONSES:PSL_OTHER:DATA_USAGE_COLLECTION_PURPOSE,PSL_ACCOUNT_MANAGEMENT,,MULTIPLE_CHOICE,Uso y gestión de datos (Otra información financiera)/¿Por qué se recogen estos datos de usuario? Selecciona todas las opciones que correspondan./Gestión de cuentas
PSL_DATA_USAGE_RESPONSES:PSL_OTHER:DATA_USAGE_SHARING_PURPOSE,PSL_APP_FUNCTIONALITY,,MULTIPLE_CHOICE,Uso y gestión de datos (Otra información financiera)/¿Por qué se comparten estos datos de usuario? Selecciona todas las opciones que correspondan./Funcionalidad de la aplicación
PSL_DATA_USAGE_RESPONSES:PSL_OTHER:DATA_USAGE_SHARING_PURPOSE,PSL_ANALYTICS,,MULTIPLE_CHOICE,Uso y gestión de datos (Otra información financiera)/¿Por qué se comparten estos datos de usuario? Selecciona todas las opciones que correspondan./Análisis
PSL_DATA_USAGE_RESPONSES:PSL_OTHER:DATA_USAGE_SHARING_PURPOSE,PSL_DEVELOPER_COMMUNICATIONS,,MULTIPLE_CHOICE,Uso y gestión de datos (Otra información financiera)/¿Por qué se comparten estos datos de usuario? Selecciona todas las opciones que correspondan./Comunicaciones del desarrollador
PSL_DATA_USAGE_RESPONSES:PSL_OTHER:DATA_USAGE_SHARING_PURPOSE,PSL_FRAUD_PREVENTION_SECURITY,,MULTIPLE_CHOICE,"Uso y gestión de datos (Otra información financiera)/¿Por qué se comparten estos datos de usuario? Selecciona todas las opciones que correspondan./Prevención de fraudes, seguridad y cumplimiento"
PSL_DATA_USAGE_RESPONSES:PSL_OTHER:DATA_USAGE_SHARING_PURPOSE,PSL_ADVERTISING,,MULTIPLE_CHOICE,Uso y gestión de datos (Otra información financiera)/¿Por qué se comparten estos datos de usuario? Selecciona todas las opciones que correspondan./Publicidad o marketing
PSL_DATA_USAGE_RESPONSES:PSL_OTHER:DATA_USAGE_SHARING_PURPOSE,PSL_PERSONALIZATION,,MULTIPLE_CHOICE,Uso y gestión de datos (Otra información financiera)/¿Por qué se comparten estos datos de usuario? Selecciona todas las opciones que correspondan./Personalización
PSL_DATA_USAGE_RESPONSES:PSL_OTHER:DATA_USAGE_SHARING_PURPOSE,PSL_ACCOUNT_MANAGEMENT,,MULTIPLE_CHOICE,Uso y gestión de datos (Otra información financiera)/¿Por qué se comparten estos datos de usuario? Selecciona todas las opciones que correspondan./Gestión de cuentas
PSL_DATA_USAGE_RESPONSES:PSL_APPROX_LOCATION:PSL_DATA_USAGE_COLLECTION_AND_SHARING,PSL_DATA_USAGE_ONLY_COLLECTED,,MULTIPLE_CHOICE,"Uso y gestión de datos (Ubicación aproximada)/¿Tu aplicación recoge estos datos, los comparte o hace ambas cosas?/Se recogen"
PSL_DATA_USAGE_RESPONSES:PSL_APPROX_LOCATION:PSL_DATA_USAGE_COLLECTION_AND_SHARING,PSL_DATA_USAGE_ONLY_SHARED,,MULTIPLE_CHOICE,"Uso y gestión de datos (Ubicación aproximada)/¿Tu aplicación recoge estos datos, los comparte o hace ambas cosas?/Se comparten"
PSL_DATA_USAGE_RESPONSES:PSL_APPROX_LOCATION:PSL_DATA_USAGE_EPHEMERAL,,,MAYBE_REQUIRED,Uso y gestión de datos (Ubicación aproximada)/¿Se tratan estos datos de forma temporal?
PSL_DATA_USAGE_RESPONSES:PSL_APPROX_LOCATION:DATA_USAGE_USER_CONTROL,PSL_DATA_USAGE_USER_CONTROL_OPTIONAL,,SINGLE_CHOICE,Uso y gestión de datos (Ubicación aproximada)/¿Son estos datos necesarios para usar tu aplicación o pueden los usuarios elegir si se recogen o no?/Los usuarios pueden elegir si se recogen estos datos o no
PSL_DATA_USAGE_RESPONSES:PSL_APPROX_LOCATION:DATA_USAGE_USER_CONTROL,PSL_DATA_USAGE_USER_CONTROL_REQUIRED,,SINGLE_CHOICE,Uso y gestión de datos (Ubicación aproximada)/¿Son estos datos necesarios para usar tu aplicación o pueden los usuarios elegir si se recogen o no?/La recogida de datos es necesaria (los usuarios no pueden desactivarla)
PSL_DATA_USAGE_RESPONSES:PSL_APPROX_LOCATION:DATA_USAGE_COLLECTION_PURPOSE,PSL_APP_FUNCTIONALITY,,MULTIPLE_CHOICE,Uso y gestión de datos (Ubicación aproximada)/¿Por qué se recogen estos datos de usuario? Selecciona todas las opciones que correspondan./Funcionalidad de la aplicación
PSL_DATA_USAGE_RESPONSES:PSL_APPROX_LOCATION:DATA_USAGE_COLLECTION_PURPOSE,PSL_ANALYTICS,,MULTIPLE_CHOICE,Uso y gestión de datos (Ubicación aproximada)/¿Por qué se recogen estos datos de usuario? Selecciona todas las opciones que correspondan./Análisis
PSL_DATA_USAGE_RESPONSES:PSL_APPROX_LOCATION:DATA_USAGE_COLLECTION_PURPOSE,PSL_DEVELOPER_COMMUNICATIONS,,MULTIPLE_CHOICE,Uso y gestión de datos (Ubicación aproximada)/¿Por qué se recogen estos datos de usuario? Selecciona todas las opciones que correspondan./Comunicaciones del desarrollador
PSL_DATA_USAGE_RESPONSES:PSL_APPROX_LOCATION:DATA_USAGE_COLLECTION_PURPOSE,PSL_FRAUD_PREVENTION_SECURITY,,MULTIPLE_CHOICE,"Uso y gestión de datos (Ubicación aproximada)/¿Por qué se recogen estos datos de usuario? Selecciona todas las opciones que correspondan./Prevención de fraudes, seguridad y cumplimiento"
PSL_DATA_USAGE_RESPONSES:PSL_APPROX_LOCATION:DATA_USAGE_COLLECTION_PURPOSE,PSL_ADVERTISING,,MULTIPLE_CHOICE,Uso y gestión de datos (Ubicación aproximada)/¿Por qué se recogen estos datos de usuario? Selecciona todas las opciones que correspondan./Publicidad o marketing
PSL_DATA_USAGE_RESPONSES:PSL_APPROX_LOCATION:DATA_USAGE_COLLECTION_PURPOSE,PSL_PERSONALIZATION,,MULTIPLE_CHOICE,Uso y gestión de datos (Ubicación aproximada)/¿Por qué se recogen estos datos de usuario? Selecciona todas las opciones que correspondan./Personalización
PSL_DATA_USAGE_RESPONSES:PSL_APPROX_LOCATION:DATA_USAGE_COLLECTION_PURPOSE,PSL_ACCOUNT_MANAGEMENT,,MULTIPLE_CHOICE,Uso y gestión de datos (Ubicación aproximada)/¿Por qué se recogen estos datos de usuario? Selecciona todas las opciones que correspondan./Gestión de cuentas
PSL_DATA_USAGE_RESPONSES:PSL_APPROX_LOCATION:DATA_USAGE_SHARING_PURPOSE,PSL_APP_FUNCTIONALITY,,MULTIPLE_CHOICE,Uso y gestión de datos (Ubicación aproximada)/¿Por qué se comparten estos datos de usuario? Selecciona todas las opciones que correspondan./Funcionalidad de la aplicación
PSL_DATA_USAGE_RESPONSES:PSL_APPROX_LOCATION:DATA_USAGE_SHARING_PURPOSE,PSL_ANALYTICS,,MULTIPLE_CHOICE,Uso y gestión de datos (Ubicación aproximada)/¿Por qué se comparten estos datos de usuario? Selecciona todas las opciones que correspondan./Análisis
PSL_DATA_USAGE_RESPONSES:PSL_APPROX_LOCATION:DATA_USAGE_SHARING_PURPOSE,PSL_DEVELOPER_COMMUNICATIONS,,MULTIPLE_CHOICE,Uso y gestión de datos (Ubicación aproximada)/¿Por qué se comparten estos datos de usuario? Selecciona todas las opciones que correspondan./Comunicaciones del desarrollador
PSL_DATA_USAGE_RESPONSES:PSL_APPROX_LOCATION:DATA_USAGE_SHARING_PURPOSE,PSL_FRAUD_PREVENTION_SECURITY,,MULTIPLE_CHOICE,"Uso y gestión de datos (Ubicación aproximada)/¿Por qué se comparten estos datos de usuario? Selecciona todas las opciones que correspondan./Prevención de fraudes, seguridad y cumplimiento"
PSL_DATA_USAGE_RESPONSES:PSL_APPROX_LOCATION:DATA_USAGE_SHARING_PURPOSE,PSL_ADVERTISING,,MULTIPLE_CHOICE,Uso y gestión de datos (Ubicación aproximada)/¿Por qué se comparten estos datos de usuario? Selecciona todas las opciones que correspondan./Publicidad o marketing
PSL_DATA_USAGE_RESPONSES:PSL_APPROX_LOCATION:DATA_USAGE_SHARING_PURPOSE,PSL_PERSONALIZATION,,MULTIPLE_CHOICE,Uso y gestión de datos (Ubicación aproximada)/¿Por qué se comparten estos datos de usuario? Selecciona todas las opciones que correspondan./Personalización
PSL_DATA_USAGE_RESPONSES:PSL_APPROX_LOCATION:DATA_USAGE_SHARING_PURPOSE,PSL_ACCOUNT_MANAGEMENT,,MULTIPLE_CHOICE,Uso y gestión de datos (Ubicación aproximada)/¿Por qué se comparten estos datos de usuario? Selecciona todas las opciones que correspondan./Gestión de cuentas
PSL_DATA_USAGE_RESPONSES:PSL_PRECISE_LOCATION:PSL_DATA_USAGE_COLLECTION_AND_SHARING,PSL_DATA_USAGE_ONLY_COLLECTED,,MULTIPLE_CHOICE,"Uso y gestión de datos (Ubicación precisa)/¿Tu aplicación recoge estos datos, los comparte o hace ambas cosas?/Se recogen"
PSL_DATA_USAGE_RESPONSES:PSL_PRECISE_LOCATION:PSL_DATA_USAGE_COLLECTION_AND_SHARING,PSL_DATA_USAGE_ONLY_SHARED,,MULTIPLE_CHOICE,"Uso y gestión de datos (Ubicación precisa)/¿Tu aplicación recoge estos datos, los comparte o hace ambas cosas?/Se comparten"
PSL_DATA_USAGE_RESPONSES:PSL_PRECISE_LOCATION:PSL_DATA_USAGE_EPHEMERAL,,,MAYBE_REQUIRED,Uso y gestión de datos (Ubicación precisa)/¿Se tratan estos datos de forma temporal?
PSL_DATA_USAGE_RESPONSES:PSL_PRECISE_LOCATION:DATA_USAGE_USER_CONTROL,PSL_DATA_USAGE_USER_CONTROL_OPTIONAL,,SINGLE_CHOICE,Uso y gestión de datos (Ubicación precisa)/¿Son estos datos necesarios para usar tu aplicación o pueden los usuarios elegir si se recogen o no?/Los usuarios pueden elegir si se recogen estos datos o no
PSL_DATA_USAGE_RESPONSES:PSL_PRECISE_LOCATION:DATA_USAGE_USER_CONTROL,PSL_DATA_USAGE_USER_CONTROL_REQUIRED,,SINGLE_CHOICE,Uso y gestión de datos (Ubicación precisa)/¿Son estos datos necesarios para usar tu aplicación o pueden los usuarios elegir si se recogen o no?/La recogida de datos es necesaria (los usuarios no pueden desactivarla)
PSL_DATA_USAGE_RESPONSES:PSL_PRECISE_LOCATION:DATA_USAGE_COLLECTION_PURPOSE,PSL_APP_FUNCTIONALITY,,MULTIPLE_CHOICE,Uso y gestión de datos (Ubicación precisa)/¿Por qué se recogen estos datos de usuario? Selecciona todas las opciones que correspondan./Funcionalidad de la aplicación
PSL_DATA_USAGE_RESPONSES:PSL_PRECISE_LOCATION:DATA_USAGE_COLLECTION_PURPOSE,PSL_ANALYTICS,,MULTIPLE_CHOICE,Uso y gestión de datos (Ubicación precisa)/¿Por qué se recogen estos datos de usuario? Selecciona todas las opciones que correspondan./Análisis
PSL_DATA_USAGE_RESPONSES:PSL_PRECISE_LOCATION:DATA_USAGE_COLLECTION_PURPOSE,PSL_DEVELOPER_COMMUNICATIONS,,MULTIPLE_CHOICE,Uso y gestión de datos (Ubicación precisa)/¿Por qué se recogen estos datos de usuario? Selecciona todas las opciones que correspondan./Comunicaciones del desarrollador
PSL_DATA_USAGE_RESPONSES:PSL_PRECISE_LOCATION:DATA_USAGE_COLLECTION_PURPOSE,PSL_FRAUD_PREVENTION_SECURITY,,MULTIPLE_CHOICE,"Uso y gestión de datos (Ubicación precisa)/¿Por qué se recogen estos datos de usuario? Selecciona todas las opciones que correspondan./Prevención de fraudes, seguridad y cumplimiento"
PSL_DATA_USAGE_RESPONSES:PSL_PRECISE_LOCATION:DATA_USAGE_COLLECTION_PURPOSE,PSL_ADVERTISING,,MULTIPLE_CHOICE,Uso y gestión de datos (Ubicación precisa)/¿Por qué se recogen estos datos de usuario? Selecciona todas las opciones que correspondan./Publicidad o marketing
PSL_DATA_USAGE_RESPONSES:PSL_PRECISE_LOCATION:DATA_USAGE_COLLECTION_PURPOSE,PSL_PERSONALIZATION,,MULTIPLE_CHOICE,Uso y gestión de datos (Ubicación precisa)/¿Por qué se recogen estos datos de usuario? Selecciona todas las opciones que correspondan./Personalización
PSL_DATA_USAGE_RESPONSES:PSL_PRECISE_LOCATION:DATA_USAGE_COLLECTION_PURPOSE,PSL_ACCOUNT_MANAGEMENT,,MULTIPLE_CHOICE,Uso y gestión de datos (Ubicación precisa)/¿Por qué se recogen estos datos de usuario? Selecciona todas las opciones que correspondan./Gestión de cuentas
PSL_DATA_USAGE_RESPONSES:PSL_PRECISE_LOCATION:DATA_USAGE_SHARING_PURPOSE,PSL_APP_FUNCTIONALITY,,MULTIPLE_CHOICE,Uso y gestión de datos (Ubicación precisa)/¿Por qué se comparten estos datos de usuario? Selecciona todas las opciones que correspondan./Funcionalidad de la aplicación
PSL_DATA_USAGE_RESPONSES:PSL_PRECISE_LOCATION:DATA_USAGE_SHARING_PURPOSE,PSL_ANALYTICS,,MULTIPLE_CHOICE,Uso y gestión de datos (Ubicación precisa)/¿Por qué se comparten estos datos de usuario? Selecciona todas las opciones que correspondan./Análisis
PSL_DATA_USAGE_RESPONSES:PSL_PRECISE_LOCATION:DATA_USAGE_SHARING_PURPOSE,PSL_DEVELOPER_COMMUNICATIONS,,MULTIPLE_CHOICE,Uso y gestión de datos (Ubicación precisa)/¿Por qué se comparten estos datos de usuario? Selecciona todas las opciones que correspondan./Comunicaciones del desarrollador
PSL_DATA_USAGE_RESPONSES:PSL_PRECISE_LOCATION:DATA_USAGE_SHARING_PURPOSE,PSL_FRAUD_PREVENTION_SECURITY,,MULTIPLE_CHOICE,"Uso y gestión de datos (Ubicación precisa)/¿Por qué se comparten estos datos de usuario? Selecciona todas las opciones que correspondan./Prevención de fraudes, seguridad y cumplimiento"
PSL_DATA_USAGE_RESPONSES:PSL_PRECISE_LOCATION:DATA_USAGE_SHARING_PURPOSE,PSL_ADVERTISING,,MULTIPLE_CHOICE,Uso y gestión de datos (Ubicación precisa)/¿Por qué se comparten estos datos de usuario? Selecciona todas las opciones que correspondan./Publicidad o marketing
PSL_DATA_USAGE_RESPONSES:PSL_PRECISE_LOCATION:DATA_USAGE_SHARING_PURPOSE,PSL_PERSONALIZATION,,MULTIPLE_CHOICE,Uso y gestión de datos (Ubicación precisa)/¿Por qué se comparten estos datos de usuario? Selecciona todas las opciones que correspondan./Personalización
PSL_DATA_USAGE_RESPONSES:PSL_PRECISE_LOCATION:DATA_USAGE_SHARING_PURPOSE,PSL_ACCOUNT_MANAGEMENT,,MULTIPLE_CHOICE,Uso y gestión de datos (Ubicación precisa)/¿Por qué se comparten estos datos de usuario? Selecciona todas las opciones que correspondan./Gestión de cuentas
PSL_DATA_USAGE_RESPONSES:PSL_WEB_BROWSING_HISTORY:PSL_DATA_USAGE_COLLECTION_AND_SHARING,PSL_DATA_USAGE_ONLY_COLLECTED,,MULTIPLE_CHOICE,"Uso y gestión de datos (Historial de navegación web)/¿Tu aplicación recoge estos datos, los comparte o hace ambas cosas?/Se recogen"
PSL_DATA_USAGE_RESPONSES:PSL_WEB_BROWSING_HISTORY:PSL_DATA_USAGE_COLLECTION_AND_SHARING,PSL_DATA_USAGE_ONLY_SHARED,,MULTIPLE_CHOICE,"Uso y gestión de datos (Historial de navegación web)/¿Tu aplicación recoge estos datos, los comparte o hace ambas cosas?/Se comparten"
PSL_DATA_USAGE_RESPONSES:PSL_WEB_BROWSING_HISTORY:PSL_DATA_USAGE_EPHEMERAL,,,MAYBE_REQUIRED,Uso y gestión de datos (Historial de navegación web)/¿Se tratan estos datos de forma temporal?
PSL_DATA_USAGE_RESPONSES:PSL_WEB_BROWSING_HISTORY:DATA_USAGE_USER_CONTROL,PSL_DATA_USAGE_USER_CONTROL_OPTIONAL,,SINGLE_CHOICE,Uso y gestión de datos (Historial de navegación web)/¿Son estos datos necesarios para usar tu aplicación o pueden los usuarios elegir si se recogen o no?/Los usuarios pueden elegir si se recogen estos datos o no
PSL_DATA_USAGE_RESPONSES:PSL_WEB_BROWSING_HISTORY:DATA_USAGE_USER_CONTROL,PSL_DATA_USAGE_USER_CONTROL_REQUIRED,,SINGLE_CHOICE,Uso y gestión de datos (Historial de navegación web)/¿Son estos datos necesarios para usar tu aplicación o pueden los usuarios elegir si se recogen o no?/La recogida de datos es necesaria (los usuarios no pueden desactivarla)
PSL_DATA_USAGE_RESPONSES:PSL_WEB_BROWSING_HISTORY:DATA_USAGE_COLLECTION_PURPOSE,PSL_APP_FUNCTIONALITY,,MULTIPLE_CHOICE,Uso y gestión de datos (Historial de navegación web)/¿Por qué se recogen estos datos de usuario? Selecciona todas las opciones que correspondan./Funcionalidad de la aplicación
PSL_DATA_USAGE_RESPONSES:PSL_WEB_BROWSING_HISTORY:DATA_USAGE_COLLECTION_PURPOSE,PSL_ANALYTICS,,MULTIPLE_CHOICE,Uso y gestión de datos (Historial de navegación web)/¿Por qué se recogen estos datos de usuario? Selecciona todas las opciones que correspondan./Análisis
PSL_DATA_USAGE_RESPONSES:PSL_WEB_BROWSING_HISTORY:DATA_USAGE_COLLECTION_PURPOSE,PSL_DEVELOPER_COMMUNICATIONS,,MULTIPLE_CHOICE,Uso y gestión de datos (Historial de navegación web)/¿Por qué se recogen estos datos de usuario? Selecciona todas las opciones que correspondan./Comunicaciones del desarrollador
PSL_DATA_USAGE_RESPONSES:PSL_WEB_BROWSING_HISTORY:DATA_USAGE_COLLECTION_PURPOSE,PSL_FRAUD_PREVENTION_SECURITY,,MULTIPLE_CHOICE,"Uso y gestión de datos (Historial de navegación web)/¿Por qué se recogen estos datos de usuario? Selecciona todas las opciones que correspondan./Prevención de fraudes, seguridad y cumplimiento"
PSL_DATA_USAGE_RESPONSES:PSL_WEB_BROWSING_HISTORY:DATA_USAGE_COLLECTION_PURPOSE,PSL_ADVERTISING,,MULTIPLE_CHOICE,Uso y gestión de datos (Historial de navegación web)/¿Por qué se recogen estos datos de usuario? Selecciona todas las opciones que correspondan./Publicidad o marketing
PSL_DATA_USAGE_RESPONSES:PSL_WEB_BROWSING_HISTORY:DATA_USAGE_COLLECTION_PURPOSE,PSL_PERSONALIZATION,,MULTIPLE_CHOICE,Uso y gestión de datos (Historial de navegación web)/¿Por qué se recogen estos datos de usuario? Selecciona todas las opciones que correspondan./Personalización
PSL_DATA_USAGE_RESPONSES:PSL_WEB_BROWSING_HISTORY:DATA_USAGE_COLLECTION_PURPOSE,PSL_ACCOUNT_MANAGEMENT,,MULTIPLE_CHOICE,Uso y gestión de datos (Historial de navegación web)/¿Por qué se recogen estos datos de usuario? Selecciona todas las opciones que correspondan./Gestión de cuentas
PSL_DATA_USAGE_RESPONSES:PSL_WEB_BROWSING_HISTORY:DATA_USAGE_SHARING_PURPOSE,PSL_APP_FUNCTIONALITY,,MULTIPLE_CHOICE,Uso y gestión de datos (Historial de navegación web)/¿Por qué se comparten estos datos de usuario? Selecciona todas las opciones que correspondan./Funcionalidad de la aplicación
PSL_DATA_USAGE_RESPONSES:PSL_WEB_BROWSING_HISTORY:DATA_USAGE_SHARING_PURPOSE,PSL_ANALYTICS,,MULTIPLE_CHOICE,Uso y gestión de datos (Historial de navegación web)/¿Por qué se comparten estos datos de usuario? Selecciona todas las opciones que correspondan./Análisis
PSL_DATA_USAGE_RESPONSES:PSL_WEB_BROWSING_HISTORY:DATA_USAGE_SHARING_PURPOSE,PSL_DEVELOPER_COMMUNICATIONS,,MULTIPLE_CHOICE,Uso y gestión de datos (Historial de navegación web)/¿Por qué se comparten estos datos de usuario? Selecciona todas las opciones que correspondan./Comunicaciones del desarrollador
PSL_DATA_USAGE_RESPONSES:PSL_WEB_BROWSING_HISTORY:DATA_USAGE_SHARING_PURPOSE,PSL_FRAUD_PREVENTION_SECURITY,,MULTIPLE_CHOICE,"Uso y gestión de datos (Historial de navegación web)/¿Por qué se comparten estos datos de usuario? Selecciona todas las opciones que correspondan./Prevención de fraudes, seguridad y cumplimiento"
PSL_DATA_USAGE_RESPONSES:PSL_WEB_BROWSING_HISTORY:DATA_USAGE_SHARING_PURPOSE,PSL_ADVERTISING,,MULTIPLE_CHOICE,Uso y gestión de datos (Historial de navegación web)/¿Por qué se comparten estos datos de usuario? Selecciona todas las opciones que correspondan./Publicidad o marketing
PSL_DATA_USAGE_RESPONSES:PSL_WEB_BROWSING_HISTORY:DATA_USAGE_SHARING_PURPOSE,PSL_PERSONALIZATION,,MULTIPLE_CHOICE,Uso y gestión de datos (Historial de navegación web)/¿Por qué se comparten estos datos de usuario? Selecciona todas las opciones que correspondan./Personalización
PSL_DATA_USAGE_RESPONSES:PSL_WEB_BROWSING_HISTORY:DATA_USAGE_SHARING_PURPOSE,PSL_ACCOUNT_MANAGEMENT,,MULTIPLE_CHOICE,Uso y gestión de datos (Historial de navegación web)/¿Por qué se comparten estos datos de usuario? Selecciona todas las opciones que correspondan./Gestión de cuentas
PSL_DATA_USAGE_RESPONSES:PSL_EMAILS:PSL_DATA_USAGE_COLLECTION_AND_SHARING,PSL_DATA_USAGE_ONLY_COLLECTED,,MULTIPLE_CHOICE,"Uso y gestión de datos (Correos electrónicos)/¿Tu aplicación recoge estos datos, los comparte o hace ambas cosas?/Se recogen"
PSL_DATA_USAGE_RESPONSES:PSL_EMAILS:PSL_DATA_USAGE_COLLECTION_AND_SHARING,PSL_DATA_USAGE_ONLY_SHARED,,MULTIPLE_CHOICE,"Uso y gestión de datos (Correos electrónicos)/¿Tu aplicación recoge estos datos, los comparte o hace ambas cosas?/Se comparten"
PSL_DATA_USAGE_RESPONSES:PSL_EMAILS:PSL_DATA_USAGE_EPHEMERAL,,,MAYBE_REQUIRED,Uso y gestión de datos (Correos electrónicos)/¿Se tratan estos datos de forma temporal?
PSL_DATA_USAGE_RESPONSES:PSL_EMAILS:DATA_USAGE_USER_CONTROL,PSL_DATA_USAGE_USER_CONTROL_OPTIONAL,,SINGLE_CHOICE,Uso y gestión de datos (Correos electrónicos)/¿Son estos datos necesarios para usar tu aplicación o pueden los usuarios elegir si se recogen o no?/Los usuarios pueden elegir si se recogen estos datos o no
PSL_DATA_USAGE_RESPONSES:PSL_EMAILS:DATA_USAGE_USER_CONTROL,PSL_DATA_USAGE_USER_CONTROL_REQUIRED,,SINGLE_CHOICE,Uso y gestión de datos (Correos electrónicos)/¿Son estos datos necesarios para usar tu aplicación o pueden los usuarios elegir si se recogen o no?/La recogida de datos es necesaria (los usuarios no pueden desactivarla)
PSL_DATA_USAGE_RESPONSES:PSL_EMAILS:DATA_USAGE_COLLECTION_PURPOSE,PSL_APP_FUNCTIONALITY,,MULTIPLE_CHOICE,Uso y gestión de datos (Correos electrónicos)/¿Por qué se recogen estos datos de usuario? Selecciona todas las opciones que correspondan./Funcionalidad de la aplicación
PSL_DATA_USAGE_RESPONSES:PSL_EMAILS:DATA_USAGE_COLLECTION_PURPOSE,PSL_ANALYTICS,,MULTIPLE_CHOICE,Uso y gestión de datos (Correos electrónicos)/¿Por qué se recogen estos datos de usuario? Selecciona todas las opciones que correspondan./Análisis
PSL_DATA_USAGE_RESPONSES:PSL_EMAILS:DATA_USAGE_COLLECTION_PURPOSE,PSL_DEVELOPER_COMMUNICATIONS,,MULTIPLE_CHOICE,Uso y gestión de datos (Correos electrónicos)/¿Por qué se recogen estos datos de usuario? Selecciona todas las opciones que correspondan./Comunicaciones del desarrollador
PSL_DATA_USAGE_RESPONSES:PSL_EMAILS:DATA_USAGE_COLLECTION_PURPOSE,PSL_FRAUD_PREVENTION_SECURITY,,MULTIPLE_CHOICE,"Uso y gestión de datos (Correos electrónicos)/¿Por qué se recogen estos datos de usuario? Selecciona todas las opciones que correspondan./Prevención de fraudes, seguridad y cumplimiento"
PSL_DATA_USAGE_RESPONSES:PSL_EMAILS:DATA_USAGE_COLLECTION_PURPOSE,PSL_ADVERTISING,,MULTIPLE_CHOICE,Uso y gestión de datos (Correos electrónicos)/¿Por qué se recogen estos datos de usuario? Selecciona todas las opciones que correspondan./Publicidad o marketing
PSL_DATA_USAGE_RESPONSES:PSL_EMAILS:DATA_USAGE_COLLECTION_PURPOSE,PSL_PERSONALIZATION,,MULTIPLE_CHOICE,Uso y gestión de datos (Correos electrónicos)/¿Por qué se recogen estos datos de usuario? Selecciona todas las opciones que correspondan./Personalización
PSL_DATA_USAGE_RESPONSES:PSL_EMAILS:DATA_USAGE_COLLECTION_PURPOSE,PSL_ACCOUNT_MANAGEMENT,,MULTIPLE_CHOICE,Uso y gestión de datos (Correos electrónicos)/¿Por qué se recogen estos datos de usuario? Selecciona todas las opciones que correspondan./Gestión de cuentas
PSL_DATA_USAGE_RESPONSES:PSL_EMAILS:DATA_USAGE_SHARING_PURPOSE,PSL_APP_FUNCTIONALITY,,MULTIPLE_CHOICE,Uso y gestión de datos (Correos electrónicos)/¿Por qué se comparten estos datos de usuario? Selecciona todas las opciones que correspondan./Funcionalidad de la aplicación
PSL_DATA_USAGE_RESPONSES:PSL_EMAILS:DATA_USAGE_SHARING_PURPOSE,PSL_ANALYTICS,,MULTIPLE_CHOICE,Uso y gestión de datos (Correos electrónicos)/¿Por qué se comparten estos datos de usuario? Selecciona todas las opciones que correspondan./Análisis
PSL_DATA_USAGE_RESPONSES:PSL_EMAILS:DATA_USAGE_SHARING_PURPOSE,PSL_DEVELOPER_COMMUNICATIONS,,MULTIPLE_CHOICE,Uso y gestión de datos (Correos electrónicos)/¿Por qué se comparten estos datos de usuario? Selecciona todas las opciones que correspondan./Comunicaciones del desarrollador
PSL_DATA_USAGE_RESPONSES:PSL_EMAILS:DATA_USAGE_SHARING_PURPOSE,PSL_FRAUD_PREVENTION_SECURITY,,MULTIPLE_CHOICE,"Uso y gestión de datos (Correos electrónicos)/¿Por qué se comparten estos datos de usuario? Selecciona todas las opciones que correspondan./Prevención de fraudes, seguridad y cumplimiento"
PSL_DATA_USAGE_RESPONSES:PSL_EMAILS:DATA_USAGE_SHARING_PURPOSE,PSL_ADVERTISING,,MULTIPLE_CHOICE,Uso y gestión de datos (Correos electrónicos)/¿Por qué se comparten estos datos de usuario? Selecciona todas las opciones que correspondan./Publicidad o marketing
PSL_DATA_USAGE_RESPONSES:PSL_EMAILS:DATA_USAGE_SHARING_PURPOSE,PSL_PERSONALIZATION,,MULTIPLE_CHOICE,Uso y gestión de datos (Correos electrónicos)/¿Por qué se comparten estos datos de usuario? Selecciona todas las opciones que correspondan./Personalización
PSL_DATA_USAGE_RESPONSES:PSL_EMAILS:DATA_USAGE_SHARING_PURPOSE,PSL_ACCOUNT_MANAGEMENT,,MULTIPLE_CHOICE,Uso y gestión de datos (Correos electrónicos)/¿Por qué se comparten estos datos de usuario? Selecciona todas las opciones que correspondan./Gestión de cuentas
PSL_DATA_USAGE_RESPONSES:PSL_SMS_CALL_LOG:PSL_DATA_USAGE_COLLECTION_AND_SHARING,PSL_DATA_USAGE_ONLY_COLLECTED,,MULTIPLE_CHOICE,"Uso y gestión de datos (SMS o MMS)/¿Tu aplicación recoge estos datos, los comparte o hace ambas cosas?/Se recogen"
PSL_DATA_USAGE_RESPONSES:PSL_SMS_CALL_LOG:PSL_DATA_USAGE_COLLECTION_AND_SHARING,PSL_DATA_USAGE_ONLY_SHARED,,MULTIPLE_CHOICE,"Uso y gestión de datos (SMS o MMS)/¿Tu aplicación recoge estos datos, los comparte o hace ambas cosas?/Se comparten"
PSL_DATA_USAGE_RESPONSES:PSL_SMS_CALL_LOG:PSL_DATA_USAGE_EPHEMERAL,,,MAYBE_REQUIRED,Uso y gestión de datos (SMS o MMS)/¿Se tratan estos datos de forma temporal?
PSL_DATA_USAGE_RESPONSES:PSL_SMS_CALL_LOG:DATA_USAGE_USER_CONTROL,PSL_DATA_USAGE_USER_CONTROL_OPTIONAL,,SINGLE_CHOICE,Uso y gestión de datos (SMS o MMS)/¿Son estos datos necesarios para usar tu aplicación o pueden los usuarios elegir si se recogen o no?/Los usuarios pueden elegir si se recogen estos datos o no
PSL_DATA_USAGE_RESPONSES:PSL_SMS_CALL_LOG:DATA_USAGE_USER_CONTROL,PSL_DATA_USAGE_USER_CONTROL_REQUIRED,,SINGLE_CHOICE,Uso y gestión de datos (SMS o MMS)/¿Son estos datos necesarios para usar tu aplicación o pueden los usuarios elegir si se recogen o no?/La recogida de datos es necesaria (los usuarios no pueden desactivarla)
PSL_DATA_USAGE_RESPONSES:PSL_SMS_CALL_LOG:DATA_USAGE_COLLECTION_PURPOSE,PSL_APP_FUNCTIONALITY,,MULTIPLE_CHOICE,Uso y gestión de datos (SMS o MMS)/¿Por qué se recogen estos datos de usuario? Selecciona todas las opciones que correspondan./Funcionalidad de la aplicación
PSL_DATA_USAGE_RESPONSES:PSL_SMS_CALL_LOG:DATA_USAGE_COLLECTION_PURPOSE,PSL_ANALYTICS,,MULTIPLE_CHOICE,Uso y gestión de datos (SMS o MMS)/¿Por qué se recogen estos datos de usuario? Selecciona todas las opciones que correspondan./Análisis
PSL_DATA_USAGE_RESPONSES:PSL_SMS_CALL_LOG:DATA_USAGE_COLLECTION_PURPOSE,PSL_DEVELOPER_COMMUNICATIONS,,MULTIPLE_CHOICE,Uso y gestión de datos (SMS o MMS)/¿Por qué se recogen estos datos de usuario? Selecciona todas las opciones que correspondan./Comunicaciones del desarrollador
PSL_DATA_USAGE_RESPONSES:PSL_SMS_CALL_LOG:DATA_USAGE_COLLECTION_PURPOSE,PSL_FRAUD_PREVENTION_SECURITY,,MULTIPLE_CHOICE,"Uso y gestión de datos (SMS o MMS)/¿Por qué se recogen estos datos de usuario? Selecciona todas las opciones que correspondan./Prevención de fraudes, seguridad y cumplimiento"
PSL_DATA_USAGE_RESPONSES:PSL_SMS_CALL_LOG:DATA_USAGE_COLLECTION_PURPOSE,PSL_ADVERTISING,,MULTIPLE_CHOICE,Uso y gestión de datos (SMS o MMS)/¿Por qué se recogen estos datos de usuario? Selecciona todas las opciones que correspondan./Publicidad o marketing
PSL_DATA_USAGE_RESPONSES:PSL_SMS_CALL_LOG:DATA_USAGE_COLLECTION_PURPOSE,PSL_PERSONALIZATION,,MULTIPLE_CHOICE,Uso y gestión de datos (SMS o MMS)/¿Por qué se recogen estos datos de usuario? Selecciona todas las opciones que correspondan./Personalización
PSL_DATA_USAGE_RESPONSES:PSL_SMS_CALL_LOG:DATA_USAGE_COLLECTION_PURPOSE,PSL_ACCOUNT_MANAGEMENT,,MULTIPLE_CHOICE,Uso y gestión de datos (SMS o MMS)/¿Por qué se recogen estos datos de usuario? Selecciona todas las opciones que correspondan./Gestión de cuentas
PSL_DATA_USAGE_RESPONSES:PSL_SMS_CALL_LOG:DATA_USAGE_SHARING_PURPOSE,PSL_APP_FUNCTIONALITY,,MULTIPLE_CHOICE,Uso y gestión de datos (SMS o MMS)/¿Por qué se comparten estos datos de usuario? Selecciona todas las opciones que correspondan./Funcionalidad de la aplicación
PSL_DATA_USAGE_RESPONSES:PSL_SMS_CALL_LOG:DATA_USAGE_SHARING_PURPOSE,PSL_ANALYTICS,,MULTIPLE_CHOICE,Uso y gestión de datos (SMS o MMS)/¿Por qué se comparten estos datos de usuario? Selecciona todas las opciones que correspondan./Análisis
PSL_DATA_USAGE_RESPONSES:PSL_SMS_CALL_LOG:DATA_USAGE_SHARING_PURPOSE,PSL_DEVELOPER_COMMUNICATIONS,,MULTIPLE_CHOICE,Uso y gestión de datos (SMS o MMS)/¿Por qué se comparten estos datos de usuario? Selecciona todas las opciones que correspondan./Comunicaciones del desarrollador
PSL_DATA_USAGE_RESPONSES:PSL_SMS_CALL_LOG:DATA_USAGE_SHARING_PURPOSE,PSL_FRAUD_PREVENTION_SECURITY,,MULTIPLE_CHOICE,"Uso y gestión de datos (SMS o MMS)/¿Por qué se comparten estos datos de usuario? Selecciona todas las opciones que correspondan./Prevención de fraudes, seguridad y cumplimiento"
PSL_DATA_USAGE_RESPONSES:PSL_SMS_CALL_LOG:DATA_USAGE_SHARING_PURPOSE,PSL_ADVERTISING,,MULTIPLE_CHOICE,Uso y gestión de datos (SMS o MMS)/¿Por qué se comparten estos datos de usuario? Selecciona todas las opciones que correspondan./Publicidad o marketing
PSL_DATA_USAGE_RESPONSES:PSL_SMS_CALL_LOG:DATA_USAGE_SHARING_PURPOSE,PSL_PERSONALIZATION,,MULTIPLE_CHOICE,Uso y gestión de datos (SMS o MMS)/¿Por qué se comparten estos datos de usuario? Selecciona todas las opciones que correspondan./Personalización
PSL_DATA_USAGE_RESPONSES:PSL_SMS_CALL_LOG:DATA_USAGE_SHARING_PURPOSE,PSL_ACCOUNT_MANAGEMENT,,MULTIPLE_CHOICE,Uso y gestión de datos (SMS o MMS)/¿Por qué se comparten estos datos de usuario? Selecciona todas las opciones que correspondan./Gestión de cuentas
PSL_DATA_USAGE_RESPONSES:PSL_OTHER_MESSAGES:PSL_DATA_USAGE_COLLECTION_AND_SHARING,PSL_DATA_USAGE_ONLY_COLLECTED,,MULTIPLE_CHOICE,"Uso y gestión de datos (Otros mensajes en la aplicación)/¿Tu aplicación recoge estos datos, los comparte o hace ambas cosas?/Se recogen"
PSL_DATA_USAGE_RESPONSES:PSL_OTHER_MESSAGES:PSL_DATA_USAGE_COLLECTION_AND_SHARING,PSL_DATA_USAGE_ONLY_SHARED,,MULTIPLE_CHOICE,"Uso y gestión de datos (Otros mensajes en la aplicación)/¿Tu aplicación recoge estos datos, los comparte o hace ambas cosas?/Se comparten"
PSL_DATA_USAGE_RESPONSES:PSL_OTHER_MESSAGES:PSL_DATA_USAGE_EPHEMERAL,,,MAYBE_REQUIRED,Uso y gestión de datos (Otros mensajes en la aplicación)/¿Se tratan estos datos de forma temporal?
PSL_DATA_USAGE_RESPONSES:PSL_OTHER_MESSAGES:DATA_USAGE_USER_CONTROL,PSL_DATA_USAGE_USER_CONTROL_OPTIONAL,,SINGLE_CHOICE,Uso y gestión de datos (Otros mensajes en la aplicación)/¿Son estos datos necesarios para usar tu aplicación o pueden los usuarios elegir si se recogen o no?/Los usuarios pueden elegir si se recogen estos datos o no
PSL_DATA_USAGE_RESPONSES:PSL_OTHER_MESSAGES:DATA_USAGE_USER_CONTROL,PSL_DATA_USAGE_USER_CONTROL_REQUIRED,,SINGLE_CHOICE,Uso y gestión de datos (Otros mensajes en la aplicación)/¿Son estos datos necesarios para usar tu aplicación o pueden los usuarios elegir si se recogen o no?/La recogida de datos es necesaria (los usuarios no pueden desactivarla)
PSL_DATA_USAGE_RESPONSES:PSL_OTHER_MESSAGES:DATA_USAGE_COLLECTION_PURPOSE,PSL_APP_FUNCTIONALITY,,MULTIPLE_CHOICE,Uso y gestión de datos (Otros mensajes en la aplicación)/¿Por qué se recogen estos datos de usuario? Selecciona todas las opciones que correspondan./Funcionalidad de la aplicación
PSL_DATA_USAGE_RESPONSES:PSL_OTHER_MESSAGES:DATA_USAGE_COLLECTION_PURPOSE,PSL_ANALYTICS,,MULTIPLE_CHOICE,Uso y gestión de datos (Otros mensajes en la aplicación)/¿Por qué se recogen estos datos de usuario? Selecciona todas las opciones que correspondan./Análisis
PSL_DATA_USAGE_RESPONSES:PSL_OTHER_MESSAGES:DATA_USAGE_COLLECTION_PURPOSE,PSL_DEVELOPER_COMMUNICATIONS,,MULTIPLE_CHOICE,Uso y gestión de datos (Otros mensajes en la aplicación)/¿Por qué se recogen estos datos de usuario? Selecciona todas las opciones que correspondan./Comunicaciones del desarrollador
PSL_DATA_USAGE_RESPONSES:PSL_OTHER_MESSAGES:DATA_USAGE_COLLECTION_PURPOSE,PSL_FRAUD_PREVENTION_SECURITY,,MULTIPLE_CHOICE,"Uso y gestión de datos (Otros mensajes en la aplicación)/¿Por qué se recogen estos datos de usuario? Selecciona todas las opciones que correspondan./Prevención de fraudes, seguridad y cumplimiento"
PSL_DATA_USAGE_RESPONSES:PSL_OTHER_MESSAGES:DATA_USAGE_COLLECTION_PURPOSE,PSL_ADVERTISING,,MULTIPLE_CHOICE,Uso y gestión de datos (Otros mensajes en la aplicación)/¿Por qué se recogen estos datos de usuario? Selecciona todas las opciones que correspondan./Publicidad o marketing
PSL_DATA_USAGE_RESPONSES:PSL_OTHER_MESSAGES:DATA_USAGE_COLLECTION_PURPOSE,PSL_PERSONALIZATION,,MULTIPLE_CHOICE,Uso y gestión de datos (Otros mensajes en la aplicación)/¿Por qué se recogen estos datos de usuario? Selecciona todas las opciones que correspondan./Personalización
PSL_DATA_USAGE_RESPONSES:PSL_OTHER_MESSAGES:DATA_USAGE_COLLECTION_PURPOSE,PSL_ACCOUNT_MANAGEMENT,,MULTIPLE_CHOICE,Uso y gestión de datos (Otros mensajes en la aplicación)/¿Por qué se recogen estos datos de usuario? Selecciona todas las opciones que correspondan./Gestión de cuentas
PSL_DATA_USAGE_RESPONSES:PSL_OTHER_MESSAGES:DATA_USAGE_SHARING_PURPOSE,PSL_APP_FUNCTIONALITY,,MULTIPLE_CHOICE,Uso y gestión de datos (Otros mensajes en la aplicación)/¿Por qué se comparten estos datos de usuario? Selecciona todas las opciones que correspondan./Funcionalidad de la aplicación
PSL_DATA_USAGE_RESPONSES:PSL_OTHER_MESSAGES:DATA_USAGE_SHARING_PURPOSE,PSL_ANALYTICS,,MULTIPLE_CHOICE,Uso y gestión de datos (Otros mensajes en la aplicación)/¿Por qué se comparten estos datos de usuario? Selecciona todas las opciones que correspondan./Análisis
PSL_DATA_USAGE_RESPONSES:PSL_OTHER_MESSAGES:DATA_USAGE_SHARING_PURPOSE,PSL_DEVELOPER_COMMUNICATIONS,,MULTIPLE_CHOICE,Uso y gestión de datos (Otros mensajes en la aplicación)/¿Por qué se comparten estos datos de usuario? Selecciona todas las opciones que correspondan./Comunicaciones del desarrollador
PSL_DATA_USAGE_RESPONSES:PSL_OTHER_MESSAGES:DATA_USAGE_SHARING_PURPOSE,PSL_FRAUD_PREVENTION_SECURITY,,MULTIPLE_CHOICE,"Uso y gestión de datos (Otros mensajes en la aplicación)/¿Por qué se comparten estos datos de usuario? Selecciona todas las opciones que correspondan./Prevención de fraudes, seguridad y cumplimiento"
PSL_DATA_USAGE_RESPONSES:PSL_OTHER_MESSAGES:DATA_USAGE_SHARING_PURPOSE,PSL_ADVERTISING,,MULTIPLE_CHOICE,Uso y gestión de datos (Otros mensajes en la aplicación)/¿Por qué se comparten estos datos de usuario? Selecciona todas las opciones que correspondan./Publicidad o marketing
PSL_DATA_USAGE_RESPONSES:PSL_OTHER_MESSAGES:DATA_USAGE_SHARING_PURPOSE,PSL_PERSONALIZATION,,MULTIPLE_CHOICE,Uso y gestión de datos (Otros mensajes en la aplicación)/¿Por qué se comparten estos datos de usuario? Selecciona todas las opciones que correspondan./Personalización
PSL_DATA_USAGE_RESPONSES:PSL_OTHER_MESSAGES:DATA_USAGE_SHARING_PURPOSE,PSL_ACCOUNT_MANAGEMENT,,MULTIPLE_CHOICE,Uso y gestión de datos (Otros mensajes en la aplicación)/¿Por qué se comparten estos datos de usuario? Selecciona todas las opciones que correspondan./Gestión de cuentas
PSL_DATA_USAGE_RESPONSES:PSL_PHOTOS:PSL_DATA_USAGE_COLLECTION_AND_SHARING,PSL_DATA_USAGE_ONLY_COLLECTED,,MULTIPLE_CHOICE,"Uso y gestión de datos (Fotos)/¿Tu aplicación recoge estos datos, los comparte o hace ambas cosas?/Se recogen"
PSL_DATA_USAGE_RESPONSES:PSL_PHOTOS:PSL_DATA_USAGE_COLLECTION_AND_SHARING,PSL_DATA_USAGE_ONLY_SHARED,,MULTIPLE_CHOICE,"Uso y gestión de datos (Fotos)/¿Tu aplicación recoge estos datos, los comparte o hace ambas cosas?/Se comparten"
PSL_DATA_USAGE_RESPONSES:PSL_PHOTOS:PSL_DATA_USAGE_EPHEMERAL,,,MAYBE_REQUIRED,Uso y gestión de datos (Fotos)/¿Se tratan estos datos de forma temporal?
PSL_DATA_USAGE_RESPONSES:PSL_PHOTOS:DATA_USAGE_USER_CONTROL,PSL_DATA_USAGE_USER_CONTROL_OPTIONAL,,SINGLE_CHOICE,Uso y gestión de datos (Fotos)/¿Son estos datos necesarios para usar tu aplicación o pueden los usuarios elegir si se recogen o no?/Los usuarios pueden elegir si se recogen estos datos o no
PSL_DATA_USAGE_RESPONSES:PSL_PHOTOS:DATA_USAGE_USER_CONTROL,PSL_DATA_USAGE_USER_CONTROL_REQUIRED,,SINGLE_CHOICE,Uso y gestión de datos (Fotos)/¿Son estos datos necesarios para usar tu aplicación o pueden los usuarios elegir si se recogen o no?/La recogida de datos es necesaria (los usuarios no pueden desactivarla)
PSL_DATA_USAGE_RESPONSES:PSL_PHOTOS:DATA_USAGE_COLLECTION_PURPOSE,PSL_APP_FUNCTIONALITY,,MULTIPLE_CHOICE,Uso y gestión de datos (Fotos)/¿Por qué se recogen estos datos de usuario? Selecciona todas las opciones que correspondan./Funcionalidad de la aplicación
PSL_DATA_USAGE_RESPONSES:PSL_PHOTOS:DATA_USAGE_COLLECTION_PURPOSE,PSL_ANALYTICS,,MULTIPLE_CHOICE,Uso y gestión de datos (Fotos)/¿Por qué se recogen estos datos de usuario? Selecciona todas las opciones que correspondan./Análisis
PSL_DATA_USAGE_RESPONSES:PSL_PHOTOS:DATA_USAGE_COLLECTION_PURPOSE,PSL_DEVELOPER_COMMUNICATIONS,,MULTIPLE_CHOICE,Uso y gestión de datos (Fotos)/¿Por qué se recogen estos datos de usuario? Selecciona todas las opciones que correspondan./Comunicaciones del desarrollador
PSL_DATA_USAGE_RESPONSES:PSL_PHOTOS:DATA_USAGE_COLLECTION_PURPOSE,PSL_FRAUD_PREVENTION_SECURITY,,MULTIPLE_CHOICE,"Uso y gestión de datos (Fotos)/¿Por qué se recogen estos datos de usuario? Selecciona todas las opciones que correspondan./Prevención de fraudes, seguridad y cumplimiento"
PSL_DATA_USAGE_RESPONSES:PSL_PHOTOS:DATA_USAGE_COLLECTION_PURPOSE,PSL_ADVERTISING,,MULTIPLE_CHOICE,Uso y gestión de datos (Fotos)/¿Por qué se recogen estos datos de usuario? Selecciona todas las opciones que correspondan./Publicidad o marketing
PSL_DATA_USAGE_RESPONSES:PSL_PHOTOS:DATA_USAGE_COLLECTION_PURPOSE,PSL_PERSONALIZATION,,MULTIPLE_CHOICE,Uso y gestión de datos (Fotos)/¿Por qué se recogen estos datos de usuario? Selecciona todas las opciones que correspondan./Personalización
PSL_DATA_USAGE_RESPONSES:PSL_PHOTOS:DATA_USAGE_COLLECTION_PURPOSE,PSL_ACCOUNT_MANAGEMENT,,MULTIPLE_CHOICE,Uso y gestión de datos (Fotos)/¿Por qué se recogen estos datos de usuario? Selecciona todas las opciones que correspondan./Gestión de cuentas
PSL_DATA_USAGE_RESPONSES:PSL_PHOTOS:DATA_USAGE_SHARING_PURPOSE,PSL_APP_FUNCTIONALITY,,MULTIPLE_CHOICE,Uso y gestión de datos (Fotos)/¿Por qué se comparten estos datos de usuario? Selecciona todas las opciones que correspondan./Funcionalidad de la aplicación
PSL_DATA_USAGE_RESPONSES:PSL_PHOTOS:DATA_USAGE_SHARING_PURPOSE,PSL_ANALYTICS,,MULTIPLE_CHOICE,Uso y gestión de datos (Fotos)/¿Por qué se comparten estos datos de usuario? Selecciona todas las opciones que correspondan./Análisis
PSL_DATA_USAGE_RESPONSES:PSL_PHOTOS:DATA_USAGE_SHARING_PURPOSE,PSL_DEVELOPER_COMMUNICATIONS,,MULTIPLE_CHOICE,Uso y gestión de datos (Fotos)/¿Por qué se comparten estos datos de usuario? Selecciona todas las opciones que correspondan./Comunicaciones del desarrollador
PSL_DATA_USAGE_RESPONSES:PSL_PHOTOS:DATA_USAGE_SHARING_PURPOSE,PSL_FRAUD_PREVENTION_SECURITY,,MULTIPLE_CHOICE,"Uso y gestión de datos (Fotos)/¿Por qué se comparten estos datos de usuario? Selecciona todas las opciones que correspondan./Prevención de fraudes, seguridad y cumplimiento"
PSL_DATA_USAGE_RESPONSES:PSL_PHOTOS:DATA_USAGE_SHARING_PURPOSE,PSL_ADVERTISING,,MULTIPLE_CHOICE,Uso y gestión de datos (Fotos)/¿Por qué se comparten estos datos de usuario? Selecciona todas las opciones que correspondan./Publicidad o marketing
PSL_DATA_USAGE_RESPONSES:PSL_PHOTOS:DATA_USAGE_SHARING_PURPOSE,PSL_PERSONALIZATION,,MULTIPLE_CHOICE,Uso y gestión de datos (Fotos)/¿Por qué se comparten estos datos de usuario? Selecciona todas las opciones que correspondan./Personalización
PSL_DATA_USAGE_RESPONSES:PSL_PHOTOS:DATA_USAGE_SHARING_PURPOSE,PSL_ACCOUNT_MANAGEMENT,,MULTIPLE_CHOICE,Uso y gestión de datos (Fotos)/¿Por qué se comparten estos datos de usuario? Selecciona todas las opciones que correspondan./Gestión de cuentas
PSL_DATA_USAGE_RESPONSES:PSL_VIDEOS:PSL_DATA_USAGE_COLLECTION_AND_SHARING,PSL_DATA_USAGE_ONLY_COLLECTED,,MULTIPLE_CHOICE,"Uso y gestión de datos (Vídeos)/¿Tu aplicación recoge estos datos, los comparte o hace ambas cosas?/Se recogen"
PSL_DATA_USAGE_RESPONSES:PSL_VIDEOS:PSL_DATA_USAGE_COLLECTION_AND_SHARING,PSL_DATA_USAGE_ONLY_SHARED,,MULTIPLE_CHOICE,"Uso y gestión de datos (Vídeos)/¿Tu aplicación recoge estos datos, los comparte o hace ambas cosas?/Se comparten"
PSL_DATA_USAGE_RESPONSES:PSL_VIDEOS:PSL_DATA_USAGE_EPHEMERAL,,,MAYBE_REQUIRED,Uso y gestión de datos (Vídeos)/¿Se tratan estos datos de forma temporal?
PSL_DATA_USAGE_RESPONSES:PSL_VIDEOS:DATA_USAGE_USER_CONTROL,PSL_DATA_USAGE_USER_CONTROL_OPTIONAL,,SINGLE_CHOICE,Uso y gestión de datos (Vídeos)/¿Son estos datos necesarios para usar tu aplicación o pueden los usuarios elegir si se recogen o no?/Los usuarios pueden elegir si se recogen estos datos o no
PSL_DATA_USAGE_RESPONSES:PSL_VIDEOS:DATA_USAGE_USER_CONTROL,PSL_DATA_USAGE_USER_CONTROL_REQUIRED,,SINGLE_CHOICE,Uso y gestión de datos (Vídeos)/¿Son estos datos necesarios para usar tu aplicación o pueden los usuarios elegir si se recogen o no?/La recogida de datos es necesaria (los usuarios no pueden desactivarla)
PSL_DATA_USAGE_RESPONSES:PSL_VIDEOS:DATA_USAGE_COLLECTION_PURPOSE,PSL_APP_FUNCTIONALITY,,MULTIPLE_CHOICE,Uso y gestión de datos (Vídeos)/¿Por qué se recogen estos datos de usuario? Selecciona todas las opciones que correspondan./Funcionalidad de la aplicación
PSL_DATA_USAGE_RESPONSES:PSL_VIDEOS:DATA_USAGE_COLLECTION_PURPOSE,PSL_ANALYTICS,,MULTIPLE_CHOICE,Uso y gestión de datos (Vídeos)/¿Por qué se recogen estos datos de usuario? Selecciona todas las opciones que correspondan./Análisis
PSL_DATA_USAGE_RESPONSES:PSL_VIDEOS:DATA_USAGE_COLLECTION_PURPOSE,PSL_DEVELOPER_COMMUNICATIONS,,MULTIPLE_CHOICE,Uso y gestión de datos (Vídeos)/¿Por qué se recogen estos datos de usuario? Selecciona todas las opciones que correspondan./Comunicaciones del desarrollador
PSL_DATA_USAGE_RESPONSES:PSL_VIDEOS:DATA_USAGE_COLLECTION_PURPOSE,PSL_FRAUD_PREVENTION_SECURITY,,MULTIPLE_CHOICE,"Uso y gestión de datos (Vídeos)/¿Por qué se recogen estos datos de usuario? Selecciona todas las opciones que correspondan./Prevención de fraudes, seguridad y cumplimiento"
PSL_DATA_USAGE_RESPONSES:PSL_VIDEOS:DATA_USAGE_COLLECTION_PURPOSE,PSL_ADVERTISING,,MULTIPLE_CHOICE,Uso y gestión de datos (Vídeos)/¿Por qué se recogen estos datos de usuario? Selecciona todas las opciones que correspondan./Publicidad o marketing
PSL_DATA_USAGE_RESPONSES:PSL_VIDEOS:DATA_USAGE_COLLECTION_PURPOSE,PSL_PERSONALIZATION,,MULTIPLE_CHOICE,Uso y gestión de datos (Vídeos)/¿Por qué se recogen estos datos de usuario? Selecciona todas las opciones que correspondan./Personalización
PSL_DATA_USAGE_RESPONSES:PSL_VIDEOS:DATA_USAGE_COLLECTION_PURPOSE,PSL_ACCOUNT_MANAGEMENT,,MULTIPLE_CHOICE,Uso y gestión de datos (Vídeos)/¿Por qué se recogen estos datos de usuario? Selecciona todas las opciones que correspondan./Gestión de cuentas
PSL_DATA_USAGE_RESPONSES:PSL_VIDEOS:DATA_USAGE_SHARING_PURPOSE,PSL_APP_FUNCTIONALITY,,MULTIPLE_CHOICE,Uso y gestión de datos (Vídeos)/¿Por qué se comparten estos datos de usuario? Selecciona todas las opciones que correspondan./Funcionalidad de la aplicación
PSL_DATA_USAGE_RESPONSES:PSL_VIDEOS:DATA_USAGE_SHARING_PURPOSE,PSL_ANALYTICS,,MULTIPLE_CHOICE,Uso y gestión de datos (Vídeos)/¿Por qué se comparten estos datos de usuario? Selecciona todas las opciones que correspondan./Análisis
PSL_DATA_USAGE_RESPONSES:PSL_VIDEOS:DATA_USAGE_SHARING_PURPOSE,PSL_DEVELOPER_COMMUNICATIONS,,MULTIPLE_CHOICE,Uso y gestión de datos (Vídeos)/¿Por qué se comparten estos datos de usuario? Selecciona todas las opciones que correspondan./Comunicaciones del desarrollador
PSL_DATA_USAGE_RESPONSES:PSL_VIDEOS:DATA_USAGE_SHARING_PURPOSE,PSL_FRAUD_PREVENTION_SECURITY,,MULTIPLE_CHOICE,"Uso y gestión de datos (Vídeos)/¿Por qué se comparten estos datos de usuario? Selecciona todas las opciones que correspondan./Prevención de fraudes, seguridad y cumplimiento"
PSL_DATA_USAGE_RESPONSES:PSL_VIDEOS:DATA_USAGE_SHARING_PURPOSE,PSL_ADVERTISING,,MULTIPLE_CHOICE,Uso y gestión de datos (Vídeos)/¿Por qué se comparten estos datos de usuario? Selecciona todas las opciones que correspondan./Publicidad o marketing
PSL_DATA_USAGE_RESPONSES:PSL_VIDEOS:DATA_USAGE_SHARING_PURPOSE,PSL_PERSONALIZATION,,MULTIPLE_CHOICE,Uso y gestión de datos (Vídeos)/¿Por qué se comparten estos datos de usuario? Selecciona todas las opciones que correspondan./Personalización
PSL_DATA_USAGE_RESPONSES:PSL_VIDEOS:DATA_USAGE_SHARING_PURPOSE,PSL_ACCOUNT_MANAGEMENT,,MULTIPLE_CHOICE,Uso y gestión de datos (Vídeos)/¿Por qué se comparten estos datos de usuario? Selecciona todas las opciones que correspondan./Gestión de cuentas
PSL_DATA_USAGE_RESPONSES:PSL_AUDIO:PSL_DATA_USAGE_COLLECTION_AND_SHARING,PSL_DATA_USAGE_ONLY_COLLECTED,,MULTIPLE_CHOICE,"Uso y gestión de datos (Grabaciones de voz o de sonido)/¿Tu aplicación recoge estos datos, los comparte o hace ambas cosas?/Se recogen"
PSL_DATA_USAGE_RESPONSES:PSL_AUDIO:PSL_DATA_USAGE_COLLECTION_AND_SHARING,PSL_DATA_USAGE_ONLY_SHARED,,MULTIPLE_CHOICE,"Uso y gestión de datos (Grabaciones de voz o de sonido)/¿Tu aplicación recoge estos datos, los comparte o hace ambas cosas?/Se comparten"
PSL_DATA_USAGE_RESPONSES:PSL_AUDIO:PSL_DATA_USAGE_EPHEMERAL,,,MAYBE_REQUIRED,Uso y gestión de datos (Grabaciones de voz o de sonido)/¿Se tratan estos datos de forma temporal?
PSL_DATA_USAGE_RESPONSES:PSL_AUDIO:DATA_USAGE_USER_CONTROL,PSL_DATA_USAGE_USER_CONTROL_OPTIONAL,,SINGLE_CHOICE,Uso y gestión de datos (Grabaciones de voz o de sonido)/¿Son estos datos necesarios para usar tu aplicación o pueden los usuarios elegir si se recogen o no?/Los usuarios pueden elegir si se recogen estos datos o no
PSL_DATA_USAGE_RESPONSES:PSL_AUDIO:DATA_USAGE_USER_CONTROL,PSL_DATA_USAGE_USER_CONTROL_REQUIRED,,SINGLE_CHOICE,Uso y gestión de datos (Grabaciones de voz o de sonido)/¿Son estos datos necesarios para usar tu aplicación o pueden los usuarios elegir si se recogen o no?/La recogida de datos es necesaria (los usuarios no pueden desactivarla)
PSL_DATA_USAGE_RESPONSES:PSL_AUDIO:DATA_USAGE_COLLECTION_PURPOSE,PSL_APP_FUNCTIONALITY,,MULTIPLE_CHOICE,Uso y gestión de datos (Grabaciones de voz o de sonido)/¿Por qué se recogen estos datos de usuario? Selecciona todas las opciones que correspondan./Funcionalidad de la aplicación
PSL_DATA_USAGE_RESPONSES:PSL_AUDIO:DATA_USAGE_COLLECTION_PURPOSE,PSL_ANALYTICS,,MULTIPLE_CHOICE,Uso y gestión de datos (Grabaciones de voz o de sonido)/¿Por qué se recogen estos datos de usuario? Selecciona todas las opciones que correspondan./Análisis
PSL_DATA_USAGE_RESPONSES:PSL_AUDIO:DATA_USAGE_COLLECTION_PURPOSE,PSL_DEVELOPER_COMMUNICATIONS,,MULTIPLE_CHOICE,Uso y gestión de datos (Grabaciones de voz o de sonido)/¿Por qué se recogen estos datos de usuario? Selecciona todas las opciones que correspondan./Comunicaciones del desarrollador
PSL_DATA_USAGE_RESPONSES:PSL_AUDIO:DATA_USAGE_COLLECTION_PURPOSE,PSL_FRAUD_PREVENTION_SECURITY,,MULTIPLE_CHOICE,"Uso y gestión de datos (Grabaciones de voz o de sonido)/¿Por qué se recogen estos datos de usuario? Selecciona todas las opciones que correspondan./Prevención de fraudes, seguridad y cumplimiento"
PSL_DATA_USAGE_RESPONSES:PSL_AUDIO:DATA_USAGE_COLLECTION_PURPOSE,PSL_ADVERTISING,,MULTIPLE_CHOICE,Uso y gestión de datos (Grabaciones de voz o de sonido)/¿Por qué se recogen estos datos de usuario? Selecciona todas las opciones que correspondan./Publicidad o marketing
PSL_DATA_USAGE_RESPONSES:PSL_AUDIO:DATA_USAGE_COLLECTION_PURPOSE,PSL_PERSONALIZATION,,MULTIPLE_CHOICE,Uso y gestión de datos (Grabaciones de voz o de sonido)/¿Por qué se recogen estos datos de usuario? Selecciona todas las opciones que correspondan./Personalización
PSL_DATA_USAGE_RESPONSES:PSL_AUDIO:DATA_USAGE_COLLECTION_PURPOSE,PSL_ACCOUNT_MANAGEMENT,,MULTIPLE_CHOICE,Uso y gestión de datos (Grabaciones de voz o de sonido)/¿Por qué se recogen estos datos de usuario? Selecciona todas las opciones que correspondan./Gestión de cuentas
PSL_DATA_USAGE_RESPONSES:PSL_AUDIO:DATA_USAGE_SHARING_PURPOSE,PSL_APP_FUNCTIONALITY,,MULTIPLE_CHOICE,Uso y gestión de datos (Grabaciones de voz o de sonido)/¿Por qué se comparten estos datos de usuario? Selecciona todas las opciones que correspondan./Funcionalidad de la aplicación
PSL_DATA_USAGE_RESPONSES:PSL_AUDIO:DATA_USAGE_SHARING_PURPOSE,PSL_ANALYTICS,,MULTIPLE_CHOICE,Uso y gestión de datos (Grabaciones de voz o de sonido)/¿Por qué se comparten estos datos de usuario? Selecciona todas las opciones que correspondan./Análisis
PSL_DATA_USAGE_RESPONSES:PSL_AUDIO:DATA_USAGE_SHARING_PURPOSE,PSL_DEVELOPER_COMMUNICATIONS,,MULTIPLE_CHOICE,Uso y gestión de datos (Grabaciones de voz o de sonido)/¿Por qué se comparten estos datos de usuario? Selecciona todas las opciones que correspondan./Comunicaciones del desarrollador
PSL_DATA_USAGE_RESPONSES:PSL_AUDIO:DATA_USAGE_SHARING_PURPOSE,PSL_FRAUD_PREVENTION_SECURITY,,MULTIPLE_CHOICE,"Uso y gestión de datos (Grabaciones de voz o de sonido)/¿Por qué se comparten estos datos de usuario? Selecciona todas las opciones que correspondan./Prevención de fraudes, seguridad y cumplimiento"
PSL_DATA_USAGE_RESPONSES:PSL_AUDIO:DATA_USAGE_SHARING_PURPOSE,PSL_ADVERTISING,,MULTIPLE_CHOICE,Uso y gestión de datos (Grabaciones de voz o de sonido)/¿Por qué se comparten estos datos de usuario? Selecciona todas las opciones que correspondan./Publicidad o marketing
PSL_DATA_USAGE_RESPONSES:PSL_AUDIO:DATA_USAGE_SHARING_PURPOSE,PSL_PERSONALIZATION,,MULTIPLE_CHOICE,Uso y gestión de datos (Grabaciones de voz o de sonido)/¿Por qué se comparten estos datos de usuario? Selecciona todas las opciones que correspondan./Personalización
PSL_DATA_USAGE_RESPONSES:PSL_AUDIO:DATA_USAGE_SHARING_PURPOSE,PSL_ACCOUNT_MANAGEMENT,,MULTIPLE_CHOICE,Uso y gestión de datos (Grabaciones de voz o de sonido)/¿Por qué se comparten estos datos de usuario? Selecciona todas las opciones que correspondan./Gestión de cuentas
PSL_DATA_USAGE_RESPONSES:PSL_MUSIC:PSL_DATA_USAGE_COLLECTION_AND_SHARING,PSL_DATA_USAGE_ONLY_COLLECTED,,MULTIPLE_CHOICE,"Uso y gestión de datos (Archivos de música)/¿Tu aplicación recoge estos datos, los comparte o hace ambas cosas?/Se recogen"
PSL_DATA_USAGE_RESPONSES:PSL_MUSIC:PSL_DATA_USAGE_COLLECTION_AND_SHARING,PSL_DATA_USAGE_ONLY_SHARED,,MULTIPLE_CHOICE,"Uso y gestión de datos (Archivos de música)/¿Tu aplicación recoge estos datos, los comparte o hace ambas cosas?/Se comparten"
PSL_DATA_USAGE_RESPONSES:PSL_MUSIC:PSL_DATA_USAGE_EPHEMERAL,,,MAYBE_REQUIRED,Uso y gestión de datos (Archivos de música)/¿Se tratan estos datos de forma temporal?
PSL_DATA_USAGE_RESPONSES:PSL_MUSIC:DATA_USAGE_USER_CONTROL,PSL_DATA_USAGE_USER_CONTROL_OPTIONAL,,SINGLE_CHOICE,Uso y gestión de datos (Archivos de música)/¿Son estos datos necesarios para usar tu aplicación o pueden los usuarios elegir si se recogen o no?/Los usuarios pueden elegir si se recogen estos datos o no
PSL_DATA_USAGE_RESPONSES:PSL_MUSIC:DATA_USAGE_USER_CONTROL,PSL_DATA_USAGE_USER_CONTROL_REQUIRED,,SINGLE_CHOICE,Uso y gestión de datos (Archivos de música)/¿Son estos datos necesarios para usar tu aplicación o pueden los usuarios elegir si se recogen o no?/La recogida de datos es necesaria (los usuarios no pueden desactivarla)
PSL_DATA_USAGE_RESPONSES:PSL_MUSIC:DATA_USAGE_COLLECTION_PURPOSE,PSL_APP_FUNCTIONALITY,,MULTIPLE_CHOICE,Uso y gestión de datos (Archivos de música)/¿Por qué se recogen estos datos de usuario? Selecciona todas las opciones que correspondan./Funcionalidad de la aplicación
PSL_DATA_USAGE_RESPONSES:PSL_MUSIC:DATA_USAGE_COLLECTION_PURPOSE,PSL_ANALYTICS,,MULTIPLE_CHOICE,Uso y gestión de datos (Archivos de música)/¿Por qué se recogen estos datos de usuario? Selecciona todas las opciones que correspondan./Análisis
PSL_DATA_USAGE_RESPONSES:PSL_MUSIC:DATA_USAGE_COLLECTION_PURPOSE,PSL_DEVELOPER_COMMUNICATIONS,,MULTIPLE_CHOICE,Uso y gestión de datos (Archivos de música)/¿Por qué se recogen estos datos de usuario? Selecciona todas las opciones que correspondan./Comunicaciones del desarrollador
PSL_DATA_USAGE_RESPONSES:PSL_MUSIC:DATA_USAGE_COLLECTION_PURPOSE,PSL_FRAUD_PREVENTION_SECURITY,,MULTIPLE_CHOICE,"Uso y gestión de datos (Archivos de música)/¿Por qué se recogen estos datos de usuario? Selecciona todas las opciones que correspondan./Prevención de fraudes, seguridad y cumplimiento"
PSL_DATA_USAGE_RESPONSES:PSL_MUSIC:DATA_USAGE_COLLECTION_PURPOSE,PSL_ADVERTISING,,MULTIPLE_CHOICE,Uso y gestión de datos (Archivos de música)/¿Por qué se recogen estos datos de usuario? Selecciona todas las opciones que correspondan./Publicidad o marketing
PSL_DATA_USAGE_RESPONSES:PSL_MUSIC:DATA_USAGE_COLLECTION_PURPOSE,PSL_PERSONALIZATION,,MULTIPLE_CHOICE,Uso y gestión de datos (Archivos de música)/¿Por qué se recogen estos datos de usuario? Selecciona todas las opciones que correspondan./Personalización
PSL_DATA_USAGE_RESPONSES:PSL_MUSIC:DATA_USAGE_COLLECTION_PURPOSE,PSL_ACCOUNT_MANAGEMENT,,MULTIPLE_CHOICE,Uso y gestión de datos (Archivos de música)/¿Por qué se recogen estos datos de usuario? Selecciona todas las opciones que correspondan./Gestión de cuentas
PSL_DATA_USAGE_RESPONSES:PSL_MUSIC:DATA_USAGE_SHARING_PURPOSE,PSL_APP_FUNCTIONALITY,,MULTIPLE_CHOICE,Uso y gestión de datos (Archivos de música)/¿Por qué se comparten estos datos de usuario? Selecciona todas las opciones que correspondan./Funcionalidad de la aplicación
PSL_DATA_USAGE_RESPONSES:PSL_MUSIC:DATA_USAGE_SHARING_PURPOSE,PSL_ANALYTICS,,MULTIPLE_CHOICE,Uso y gestión de datos (Archivos de música)/¿Por qué se comparten estos datos de usuario? Selecciona todas las opciones que correspondan./Análisis
PSL_DATA_USAGE_RESPONSES:PSL_MUSIC:DATA_USAGE_SHARING_PURPOSE,PSL_DEVELOPER_COMMUNICATIONS,,MULTIPLE_CHOICE,Uso y gestión de datos (Archivos de música)/¿Por qué se comparten estos datos de usuario? Selecciona todas las opciones que correspondan./Comunicaciones del desarrollador
PSL_DATA_USAGE_RESPONSES:PSL_MUSIC:DATA_USAGE_SHARING_PURPOSE,PSL_FRAUD_PREVENTION_SECURITY,,MULTIPLE_CHOICE,"Uso y gestión de datos (Archivos de música)/¿Por qué se comparten estos datos de usuario? Selecciona todas las opciones que correspondan./Prevención de fraudes, seguridad y cumplimiento"
PSL_DATA_USAGE_RESPONSES:PSL_MUSIC:DATA_USAGE_SHARING_PURPOSE,PSL_ADVERTISING,,MULTIPLE_CHOICE,Uso y gestión de datos (Archivos de música)/¿Por qué se comparten estos datos de usuario? Selecciona todas las opciones que correspondan./Publicidad o marketing
PSL_DATA_USAGE_RESPONSES:PSL_MUSIC:DATA_USAGE_SHARING_PURPOSE,PSL_PERSONALIZATION,,MULTIPLE_CHOICE,Uso y gestión de datos (Archivos de música)/¿Por qué se comparten estos datos de usuario? Selecciona todas las opciones que correspondan./Personalización
PSL_DATA_USAGE_RESPONSES:PSL_MUSIC:DATA_USAGE_SHARING_PURPOSE,PSL_ACCOUNT_MANAGEMENT,,MULTIPLE_CHOICE,Uso y gestión de datos (Archivos de música)/¿Por qué se comparten estos datos de usuario? Selecciona todas las opciones que correspondan./Gestión de cuentas
PSL_DATA_USAGE_RESPONSES:PSL_OTHER_AUDIO:PSL_DATA_USAGE_COLLECTION_AND_SHARING,PSL_DATA_USAGE_ONLY_COLLECTED,,MULTIPLE_CHOICE,"Uso y gestión de datos (Otros archivos de audio)/¿Tu aplicación recoge estos datos, los comparte o hace ambas cosas?/Se recogen"
PSL_DATA_USAGE_RESPONSES:PSL_OTHER_AUDIO:PSL_DATA_USAGE_COLLECTION_AND_SHARING,PSL_DATA_USAGE_ONLY_SHARED,,MULTIPLE_CHOICE,"Uso y gestión de datos (Otros archivos de audio)/¿Tu aplicación recoge estos datos, los comparte o hace ambas cosas?/Se comparten"
PSL_DATA_USAGE_RESPONSES:PSL_OTHER_AUDIO:PSL_DATA_USAGE_EPHEMERAL,,,MAYBE_REQUIRED,Uso y gestión de datos (Otros archivos de audio)/¿Se tratan estos datos de forma temporal?
PSL_DATA_USAGE_RESPONSES:PSL_OTHER_AUDIO:DATA_USAGE_USER_CONTROL,PSL_DATA_USAGE_USER_CONTROL_OPTIONAL,,SINGLE_CHOICE,Uso y gestión de datos (Otros archivos de audio)/¿Son estos datos necesarios para usar tu aplicación o pueden los usuarios elegir si se recogen o no?/Los usuarios pueden elegir si se recogen estos datos o no
PSL_DATA_USAGE_RESPONSES:PSL_OTHER_AUDIO:DATA_USAGE_USER_CONTROL,PSL_DATA_USAGE_USER_CONTROL_REQUIRED,,SINGLE_CHOICE,Uso y gestión de datos (Otros archivos de audio)/¿Son estos datos necesarios para usar tu aplicación o pueden los usuarios elegir si se recogen o no?/La recogida de datos es necesaria (los usuarios no pueden desactivarla)
PSL_DATA_USAGE_RESPONSES:PSL_OTHER_AUDIO:DATA_USAGE_COLLECTION_PURPOSE,PSL_APP_FUNCTIONALITY,,MULTIPLE_CHOICE,Uso y gestión de datos (Otros archivos de audio)/¿Por qué se recogen estos datos de usuario? Selecciona todas las opciones que correspondan./Funcionalidad de la aplicación
PSL_DATA_USAGE_RESPONSES:PSL_OTHER_AUDIO:DATA_USAGE_COLLECTION_PURPOSE,PSL_ANALYTICS,,MULTIPLE_CHOICE,Uso y gestión de datos (Otros archivos de audio)/¿Por qué se recogen estos datos de usuario? Selecciona todas las opciones que correspondan./Análisis
PSL_DATA_USAGE_RESPONSES:PSL_OTHER_AUDIO:DATA_USAGE_COLLECTION_PURPOSE,PSL_DEVELOPER_COMMUNICATIONS,,MULTIPLE_CHOICE,Uso y gestión de datos (Otros archivos de audio)/¿Por qué se recogen estos datos de usuario? Selecciona todas las opciones que correspondan./Comunicaciones del desarrollador
PSL_DATA_USAGE_RESPONSES:PSL_OTHER_AUDIO:DATA_USAGE_COLLECTION_PURPOSE,PSL_FRAUD_PREVENTION_SECURITY,,MULTIPLE_CHOICE,"Uso y gestión de datos (Otros archivos de audio)/¿Por qué se recogen estos datos de usuario? Selecciona todas las opciones que correspondan./Prevención de fraudes, seguridad y cumplimiento"
PSL_DATA_USAGE_RESPONSES:PSL_OTHER_AUDIO:DATA_USAGE_COLLECTION_PURPOSE,PSL_ADVERTISING,,MULTIPLE_CHOICE,Uso y gestión de datos (Otros archivos de audio)/¿Por qué se recogen estos datos de usuario? Selecciona todas las opciones que correspondan./Publicidad o marketing
PSL_DATA_USAGE_RESPONSES:PSL_OTHER_AUDIO:DATA_USAGE_COLLECTION_PURPOSE,PSL_PERSONALIZATION,,MULTIPLE_CHOICE,Uso y gestión de datos (Otros archivos de audio)/¿Por qué se recogen estos datos de usuario? Selecciona todas las opciones que correspondan./Personalización
PSL_DATA_USAGE_RESPONSES:PSL_OTHER_AUDIO:DATA_USAGE_COLLECTION_PURPOSE,PSL_ACCOUNT_MANAGEMENT,,MULTIPLE_CHOICE,Uso y gestión de datos (Otros archivos de audio)/¿Por qué se recogen estos datos de usuario? Selecciona todas las opciones que correspondan./Gestión de cuentas
PSL_DATA_USAGE_RESPONSES:PSL_OTHER_AUDIO:DATA_USAGE_SHARING_PURPOSE,PSL_APP_FUNCTIONALITY,,MULTIPLE_CHOICE,Uso y gestión de datos (Otros archivos de audio)/¿Por qué se comparten estos datos de usuario? Selecciona todas las opciones que correspondan./Funcionalidad de la aplicación
PSL_DATA_USAGE_RESPONSES:PSL_OTHER_AUDIO:DATA_USAGE_SHARING_PURPOSE,PSL_ANALYTICS,,MULTIPLE_CHOICE,Uso y gestión de datos (Otros archivos de audio)/¿Por qué se comparten estos datos de usuario? Selecciona todas las opciones que correspondan./Análisis
PSL_DATA_USAGE_RESPONSES:PSL_OTHER_AUDIO:DATA_USAGE_SHARING_PURPOSE,PSL_DEVELOPER_COMMUNICATIONS,,MULTIPLE_CHOICE,Uso y gestión de datos (Otros archivos de audio)/¿Por qué se comparten estos datos de usuario? Selecciona todas las opciones que correspondan./Comunicaciones del desarrollador
PSL_DATA_USAGE_RESPONSES:PSL_OTHER_AUDIO:DATA_USAGE_SHARING_PURPOSE,PSL_FRAUD_PREVENTION_SECURITY,,MULTIPLE_CHOICE,"Uso y gestión de datos (Otros archivos de audio)/¿Por qué se comparten estos datos de usuario? Selecciona todas las opciones que correspondan./Prevención de fraudes, seguridad y cumplimiento"
PSL_DATA_USAGE_RESPONSES:PSL_OTHER_AUDIO:DATA_USAGE_SHARING_PURPOSE,PSL_ADVERTISING,,MULTIPLE_CHOICE,Uso y gestión de datos (Otros archivos de audio)/¿Por qué se comparten estos datos de usuario? Selecciona todas las opciones que correspondan./Publicidad o marketing
PSL_DATA_USAGE_RESPONSES:PSL_OTHER_AUDIO:DATA_USAGE_SHARING_PURPOSE,PSL_PERSONALIZATION,,MULTIPLE_CHOICE,Uso y gestión de datos (Otros archivos de audio)/¿Por qué se comparten estos datos de usuario? Selecciona todas las opciones que correspondan./Personalización
PSL_DATA_USAGE_RESPONSES:PSL_OTHER_AUDIO:DATA_USAGE_SHARING_PURPOSE,PSL_ACCOUNT_MANAGEMENT,,MULTIPLE_CHOICE,Uso y gestión de datos (Otros archivos de audio)/¿Por qué se comparten estos datos de usuario? Selecciona todas las opciones que correspondan./Gestión de cuentas
PSL_DATA_USAGE_RESPONSES:PSL_HEALTH:PSL_DATA_USAGE_COLLECTION_AND_SHARING,PSL_DATA_USAGE_ONLY_COLLECTED,,MULTIPLE_CHOICE,"Uso y gestión de datos (Información sanitaria)/¿Tu aplicación recoge estos datos, los comparte o hace ambas cosas?/Se recogen"
PSL_DATA_USAGE_RESPONSES:PSL_HEALTH:PSL_DATA_USAGE_COLLECTION_AND_SHARING,PSL_DATA_USAGE_ONLY_SHARED,,MULTIPLE_CHOICE,"Uso y gestión de datos (Información sanitaria)/¿Tu aplicación recoge estos datos, los comparte o hace ambas cosas?/Se comparten"
PSL_DATA_USAGE_RESPONSES:PSL_HEALTH:PSL_DATA_USAGE_EPHEMERAL,,,MAYBE_REQUIRED,Uso y gestión de datos (Información sanitaria)/¿Se tratan estos datos de forma temporal?
PSL_DATA_USAGE_RESPONSES:PSL_HEALTH:DATA_USAGE_USER_CONTROL,PSL_DATA_USAGE_USER_CONTROL_OPTIONAL,,SINGLE_CHOICE,Uso y gestión de datos (Información sanitaria)/¿Son estos datos necesarios para usar tu aplicación o pueden los usuarios elegir si se recogen o no?/Los usuarios pueden elegir si se recogen estos datos o no
PSL_DATA_USAGE_RESPONSES:PSL_HEALTH:DATA_USAGE_USER_CONTROL,PSL_DATA_USAGE_USER_CONTROL_REQUIRED,,SINGLE_CHOICE,Uso y gestión de datos (Información sanitaria)/¿Son estos datos necesarios para usar tu aplicación o pueden los usuarios elegir si se recogen o no?/La recogida de datos es necesaria (los usuarios no pueden desactivarla)
PSL_DATA_USAGE_RESPONSES:PSL_HEALTH:DATA_USAGE_COLLECTION_PURPOSE,PSL_APP_FUNCTIONALITY,,MULTIPLE_CHOICE,Uso y gestión de datos (Información sanitaria)/¿Por qué se recogen estos datos de usuario? Selecciona todas las opciones que correspondan./Funcionalidad de la aplicación
PSL_DATA_USAGE_RESPONSES:PSL_HEALTH:DATA_USAGE_COLLECTION_PURPOSE,PSL_ANALYTICS,,MULTIPLE_CHOICE,Uso y gestión de datos (Información sanitaria)/¿Por qué se recogen estos datos de usuario? Selecciona todas las opciones que correspondan./Análisis
PSL_DATA_USAGE_RESPONSES:PSL_HEALTH:DATA_USAGE_COLLECTION_PURPOSE,PSL_DEVELOPER_COMMUNICATIONS,,MULTIPLE_CHOICE,Uso y gestión de datos (Información sanitaria)/¿Por qué se recogen estos datos de usuario? Selecciona todas las opciones que correspondan./Comunicaciones del desarrollador
PSL_DATA_USAGE_RESPONSES:PSL_HEALTH:DATA_USAGE_COLLECTION_PURPOSE,PSL_FRAUD_PREVENTION_SECURITY,,MULTIPLE_CHOICE,"Uso y gestión de datos (Información sanitaria)/¿Por qué se recogen estos datos de usuario? Selecciona todas las opciones que correspondan./Prevención de fraudes, seguridad y cumplimiento"
PSL_DATA_USAGE_RESPONSES:PSL_HEALTH:DATA_USAGE_COLLECTION_PURPOSE,PSL_ADVERTISING,,MULTIPLE_CHOICE,Uso y gestión de datos (Información sanitaria)/¿Por qué se recogen estos datos de usuario? Selecciona todas las opciones que correspondan./Publicidad o marketing
PSL_DATA_USAGE_RESPONSES:PSL_HEALTH:DATA_USAGE_COLLECTION_PURPOSE,PSL_PERSONALIZATION,,MULTIPLE_CHOICE,Uso y gestión de datos (Información sanitaria)/¿Por qué se recogen estos datos de usuario? Selecciona todas las opciones que correspondan./Personalización
PSL_DATA_USAGE_RESPONSES:PSL_HEALTH:DATA_USAGE_COLLECTION_PURPOSE,PSL_ACCOUNT_MANAGEMENT,,MULTIPLE_CHOICE,Uso y gestión de datos (Información sanitaria)/¿Por qué se recogen estos datos de usuario? Selecciona todas las opciones que correspondan./Gestión de cuentas
PSL_DATA_USAGE_RESPONSES:PSL_HEALTH:DATA_USAGE_SHARING_PURPOSE,PSL_APP_FUNCTIONALITY,,MULTIPLE_CHOICE,Uso y gestión de datos (Información sanitaria)/¿Por qué se comparten estos datos de usuario? Selecciona todas las opciones que correspondan./Funcionalidad de la aplicación
PSL_DATA_USAGE_RESPONSES:PSL_HEALTH:DATA_USAGE_SHARING_PURPOSE,PSL_ANALYTICS,,MULTIPLE_CHOICE,Uso y gestión de datos (Información sanitaria)/¿Por qué se comparten estos datos de usuario? Selecciona todas las opciones que correspondan./Análisis
PSL_DATA_USAGE_RESPONSES:PSL_HEALTH:DATA_USAGE_SHARING_PURPOSE,PSL_DEVELOPER_COMMUNICATIONS,,MULTIPLE_CHOICE,Uso y gestión de datos (Información sanitaria)/¿Por qué se comparten estos datos de usuario? Selecciona todas las opciones que correspondan./Comunicaciones del desarrollador
PSL_DATA_USAGE_RESPONSES:PSL_HEALTH:DATA_USAGE_SHARING_PURPOSE,PSL_FRAUD_PREVENTION_SECURITY,,MULTIPLE_CHOICE,"Uso y gestión de datos (Información sanitaria)/¿Por qué se comparten estos datos de usuario? Selecciona todas las opciones que correspondan./Prevención de fraudes, seguridad y cumplimiento"
PSL_DATA_USAGE_RESPONSES:PSL_HEALTH:DATA_USAGE_SHARING_PURPOSE,PSL_ADVERTISING,,MULTIPLE_CHOICE,Uso y gestión de datos (Información sanitaria)/¿Por qué se comparten estos datos de usuario? Selecciona todas las opciones que correspondan./Publicidad o marketing
PSL_DATA_USAGE_RESPONSES:PSL_HEALTH:DATA_USAGE_SHARING_PURPOSE,PSL_PERSONALIZATION,,MULTIPLE_CHOICE,Uso y gestión de datos (Información sanitaria)/¿Por qué se comparten estos datos de usuario? Selecciona todas las opciones que correspondan./Personalización
PSL_DATA_USAGE_RESPONSES:PSL_HEALTH:DATA_USAGE_SHARING_PURPOSE,PSL_ACCOUNT_MANAGEMENT,,MULTIPLE_CHOICE,Uso y gestión de datos (Información sanitaria)/¿Por qué se comparten estos datos de usuario? Selecciona todas las opciones que correspondan./Gestión de cuentas
PSL_DATA_USAGE_RESPONSES:PSL_FITNESS:PSL_DATA_USAGE_COLLECTION_AND_SHARING,PSL_DATA_USAGE_ONLY_COLLECTED,,MULTIPLE_CHOICE,"Uso y gestión de datos (Información sobre estado físico)/¿Tu aplicación recoge estos datos, los comparte o hace ambas cosas?/Se recogen"
PSL_DATA_USAGE_RESPONSES:PSL_FITNESS:PSL_DATA_USAGE_COLLECTION_AND_SHARING,PSL_DATA_USAGE_ONLY_SHARED,,MULTIPLE_CHOICE,"Uso y gestión de datos (Información sobre estado físico)/¿Tu aplicación recoge estos datos, los comparte o hace ambas cosas?/Se comparten"
PSL_DATA_USAGE_RESPONSES:PSL_FITNESS:PSL_DATA_USAGE_EPHEMERAL,,,MAYBE_REQUIRED,Uso y gestión de datos (Información sobre estado físico)/¿Se tratan estos datos de forma temporal?
PSL_DATA_USAGE_RESPONSES:PSL_FITNESS:DATA_USAGE_USER_CONTROL,PSL_DATA_USAGE_USER_CONTROL_OPTIONAL,,SINGLE_CHOICE,Uso y gestión de datos (Información sobre estado físico)/¿Son estos datos necesarios para usar tu aplicación o pueden los usuarios elegir si se recogen o no?/Los usuarios pueden elegir si se recogen estos datos o no
PSL_DATA_USAGE_RESPONSES:PSL_FITNESS:DATA_USAGE_USER_CONTROL,PSL_DATA_USAGE_USER_CONTROL_REQUIRED,,SINGLE_CHOICE,Uso y gestión de datos (Información sobre estado físico)/¿Son estos datos necesarios para usar tu aplicación o pueden los usuarios elegir si se recogen o no?/La recogida de datos es necesaria (los usuarios no pueden desactivarla)
PSL_DATA_USAGE_RESPONSES:PSL_FITNESS:DATA_USAGE_COLLECTION_PURPOSE,PSL_APP_FUNCTIONALITY,,MULTIPLE_CHOICE,Uso y gestión de datos (Información sobre estado físico)/¿Por qué se recogen estos datos de usuario? Selecciona todas las opciones que correspondan./Funcionalidad de la aplicación
PSL_DATA_USAGE_RESPONSES:PSL_FITNESS:DATA_USAGE_COLLECTION_PURPOSE,PSL_ANALYTICS,,MULTIPLE_CHOICE,Uso y gestión de datos (Información sobre estado físico)/¿Por qué se recogen estos datos de usuario? Selecciona todas las opciones que correspondan./Análisis
PSL_DATA_USAGE_RESPONSES:PSL_FITNESS:DATA_USAGE_COLLECTION_PURPOSE,PSL_DEVELOPER_COMMUNICATIONS,,MULTIPLE_CHOICE,Uso y gestión de datos (Información sobre estado físico)/¿Por qué se recogen estos datos de usuario? Selecciona todas las opciones que correspondan./Comunicaciones del desarrollador
PSL_DATA_USAGE_RESPONSES:PSL_FITNESS:DATA_USAGE_COLLECTION_PURPOSE,PSL_FRAUD_PREVENTION_SECURITY,,MULTIPLE_CHOICE,"Uso y gestión de datos (Información sobre estado físico)/¿Por qué se recogen estos datos de usuario? Selecciona todas las opciones que correspondan./Prevención de fraudes, seguridad y cumplimiento"
PSL_DATA_USAGE_RESPONSES:PSL_FITNESS:DATA_USAGE_COLLECTION_PURPOSE,PSL_ADVERTISING,,MULTIPLE_CHOICE,Uso y gestión de datos (Información sobre estado físico)/¿Por qué se recogen estos datos de usuario? Selecciona todas las opciones que correspondan./Publicidad o marketing
PSL_DATA_USAGE_RESPONSES:PSL_FITNESS:DATA_USAGE_COLLECTION_PURPOSE,PSL_PERSONALIZATION,,MULTIPLE_CHOICE,Uso y gestión de datos (Información sobre estado físico)/¿Por qué se recogen estos datos de usuario? Selecciona todas las opciones que correspondan./Personalización
PSL_DATA_USAGE_RESPONSES:PSL_FITNESS:DATA_USAGE_COLLECTION_PURPOSE,PSL_ACCOUNT_MANAGEMENT,,MULTIPLE_CHOICE,Uso y gestión de datos (Información sobre estado físico)/¿Por qué se recogen estos datos de usuario? Selecciona todas las opciones que correspondan./Gestión de cuentas
PSL_DATA_USAGE_RESPONSES:PSL_FITNESS:DATA_USAGE_SHARING_PURPOSE,PSL_APP_FUNCTIONALITY,,MULTIPLE_CHOICE,Uso y gestión de datos (Información sobre estado físico)/¿Por qué se comparten estos datos de usuario? Selecciona todas las opciones que correspondan./Funcionalidad de la aplicación
PSL_DATA_USAGE_RESPONSES:PSL_FITNESS:DATA_USAGE_SHARING_PURPOSE,PSL_ANALYTICS,,MULTIPLE_CHOICE,Uso y gestión de datos (Información sobre estado físico)/¿Por qué se comparten estos datos de usuario? Selecciona todas las opciones que correspondan./Análisis
PSL_DATA_USAGE_RESPONSES:PSL_FITNESS:DATA_USAGE_SHARING_PURPOSE,PSL_DEVELOPER_COMMUNICATIONS,,MULTIPLE_CHOICE,Uso y gestión de datos (Información sobre estado físico)/¿Por qué se comparten estos datos de usuario? Selecciona todas las opciones que correspondan./Comunicaciones del desarrollador
PSL_DATA_USAGE_RESPONSES:PSL_FITNESS:DATA_USAGE_SHARING_PURPOSE,PSL_FRAUD_PREVENTION_SECURITY,,MULTIPLE_CHOICE,"Uso y gestión de datos (Información sobre estado físico)/¿Por qué se comparten estos datos de usuario? Selecciona todas las opciones que correspondan./Prevención de fraudes, seguridad y cumplimiento"
PSL_DATA_USAGE_RESPONSES:PSL_FITNESS:DATA_USAGE_SHARING_PURPOSE,PSL_ADVERTISING,,MULTIPLE_CHOICE,Uso y gestión de datos (Información sobre estado físico)/¿Por qué se comparten estos datos de usuario? Selecciona todas las opciones que correspondan./Publicidad o marketing
PSL_DATA_USAGE_RESPONSES:PSL_FITNESS:DATA_USAGE_SHARING_PURPOSE,PSL_PERSONALIZATION,,MULTIPLE_CHOICE,Uso y gestión de datos (Información sobre estado físico)/¿Por qué se comparten estos datos de usuario? Selecciona todas las opciones que correspondan./Personalización
PSL_DATA_USAGE_RESPONSES:PSL_FITNESS:DATA_USAGE_SHARING_PURPOSE,PSL_ACCOUNT_MANAGEMENT,,MULTIPLE_CHOICE,Uso y gestión de datos (Información sobre estado físico)/¿Por qué se comparten estos datos de usuario? Selecciona todas las opciones que correspondan./Gestión de cuentas
PSL_DATA_USAGE_RESPONSES:PSL_CONTACTS:PSL_DATA_USAGE_COLLECTION_AND_SHARING,PSL_DATA_USAGE_ONLY_COLLECTED,,MULTIPLE_CHOICE,"Uso y gestión de datos (Contactos)/¿Tu aplicación recoge estos datos, los comparte o hace ambas cosas?/Se recogen"
PSL_DATA_USAGE_RESPONSES:PSL_CONTACTS:PSL_DATA_USAGE_COLLECTION_AND_SHARING,PSL_DATA_USAGE_ONLY_SHARED,,MULTIPLE_CHOICE,"Uso y gestión de datos (Contactos)/¿Tu aplicación recoge estos datos, los comparte o hace ambas cosas?/Se comparten"
PSL_DATA_USAGE_RESPONSES:PSL_CONTACTS:PSL_DATA_USAGE_EPHEMERAL,,,MAYBE_REQUIRED,Uso y gestión de datos (Contactos)/¿Se tratan estos datos de forma temporal?
PSL_DATA_USAGE_RESPONSES:PSL_CONTACTS:DATA_USAGE_USER_CONTROL,PSL_DATA_USAGE_USER_CONTROL_OPTIONAL,,SINGLE_CHOICE,Uso y gestión de datos (Contactos)/¿Son estos datos necesarios para usar tu aplicación o pueden los usuarios elegir si se recogen o no?/Los usuarios pueden elegir si se recogen estos datos o no
PSL_DATA_USAGE_RESPONSES:PSL_CONTACTS:DATA_USAGE_USER_CONTROL,PSL_DATA_USAGE_USER_CONTROL_REQUIRED,,SINGLE_CHOICE,Uso y gestión de datos (Contactos)/¿Son estos datos necesarios para usar tu aplicación o pueden los usuarios elegir si se recogen o no?/La recogida de datos es necesaria (los usuarios no pueden desactivarla)
PSL_DATA_USAGE_RESPONSES:PSL_CONTACTS:DATA_USAGE_COLLECTION_PURPOSE,PSL_APP_FUNCTIONALITY,,MULTIPLE_CHOICE,Uso y gestión de datos (Contactos)/¿Por qué se recogen estos datos de usuario? Selecciona todas las opciones que correspondan./Funcionalidad de la aplicación
PSL_DATA_USAGE_RESPONSES:PSL_CONTACTS:DATA_USAGE_COLLECTION_PURPOSE,PSL_ANALYTICS,,MULTIPLE_CHOICE,Uso y gestión de datos (Contactos)/¿Por qué se recogen estos datos de usuario? Selecciona todas las opciones que correspondan./Análisis
PSL_DATA_USAGE_RESPONSES:PSL_CONTACTS:DATA_USAGE_COLLECTION_PURPOSE,PSL_DEVELOPER_COMMUNICATIONS,,MULTIPLE_CHOICE,Uso y gestión de datos (Contactos)/¿Por qué se recogen estos datos de usuario? Selecciona todas las opciones que correspondan./Comunicaciones del desarrollador
PSL_DATA_USAGE_RESPONSES:PSL_CONTACTS:DATA_USAGE_COLLECTION_PURPOSE,PSL_FRAUD_PREVENTION_SECURITY,,MULTIPLE_CHOICE,"Uso y gestión de datos (Contactos)/¿Por qué se recogen estos datos de usuario? Selecciona todas las opciones que correspondan./Prevención de fraudes, seguridad y cumplimiento"
PSL_DATA_USAGE_RESPONSES:PSL_CONTACTS:DATA_USAGE_COLLECTION_PURPOSE,PSL_ADVERTISING,,MULTIPLE_CHOICE,Uso y gestión de datos (Contactos)/¿Por qué se recogen estos datos de usuario? Selecciona todas las opciones que correspondan./Publicidad o marketing
PSL_DATA_USAGE_RESPONSES:PSL_CONTACTS:DATA_USAGE_COLLECTION_PURPOSE,PSL_PERSONALIZATION,,MULTIPLE_CHOICE,Uso y gestión de datos (Contactos)/¿Por qué se recogen estos datos de usuario? Selecciona todas las opciones que correspondan./Personalización
PSL_DATA_USAGE_RESPONSES:PSL_CONTACTS:DATA_USAGE_COLLECTION_PURPOSE,PSL_ACCOUNT_MANAGEMENT,,MULTIPLE_CHOICE,Uso y gestión de datos (Contactos)/¿Por qué se recogen estos datos de usuario? Selecciona todas las opciones que correspondan./Gestión de cuentas
PSL_DATA_USAGE_RESPONSES:PSL_CONTACTS:DATA_USAGE_SHARING_PURPOSE,PSL_APP_FUNCTIONALITY,,MULTIPLE_CHOICE,Uso y gestión de datos (Contactos)/¿Por qué se comparten estos datos de usuario? Selecciona todas las opciones que correspondan./Funcionalidad de la aplicación
PSL_DATA_USAGE_RESPONSES:PSL_CONTACTS:DATA_USAGE_SHARING_PURPOSE,PSL_ANALYTICS,,MULTIPLE_CHOICE,Uso y gestión de datos (Contactos)/¿Por qué se comparten estos datos de usuario? Selecciona todas las opciones que correspondan./Análisis
PSL_DATA_USAGE_RESPONSES:PSL_CONTACTS:DATA_USAGE_SHARING_PURPOSE,PSL_DEVELOPER_COMMUNICATIONS,,MULTIPLE_CHOICE,Uso y gestión de datos (Contactos)/¿Por qué se comparten estos datos de usuario? Selecciona todas las opciones que correspondan./Comunicaciones del desarrollador
PSL_DATA_USAGE_RESPONSES:PSL_CONTACTS:DATA_USAGE_SHARING_PURPOSE,PSL_FRAUD_PREVENTION_SECURITY,,MULTIPLE_CHOICE,"Uso y gestión de datos (Contactos)/¿Por qué se comparten estos datos de usuario? Selecciona todas las opciones que correspondan./Prevención de fraudes, seguridad y cumplimiento"
PSL_DATA_USAGE_RESPONSES:PSL_CONTACTS:DATA_USAGE_SHARING_PURPOSE,PSL_ADVERTISING,,MULTIPLE_CHOICE,Uso y gestión de datos (Contactos)/¿Por qué se comparten estos datos de usuario? Selecciona todas las opciones que correspondan./Publicidad o marketing
PSL_DATA_USAGE_RESPONSES:PSL_CONTACTS:DATA_USAGE_SHARING_PURPOSE,PSL_PERSONALIZATION,,MULTIPLE_CHOICE,Uso y gestión de datos (Contactos)/¿Por qué se comparten estos datos de usuario? Selecciona todas las opciones que correspondan./Personalización
PSL_DATA_USAGE_RESPONSES:PSL_CONTACTS:DATA_USAGE_SHARING_PURPOSE,PSL_ACCOUNT_MANAGEMENT,,MULTIPLE_CHOICE,Uso y gestión de datos (Contactos)/¿Por qué se comparten estos datos de usuario? Selecciona todas las opciones que correspondan./Gestión de cuentas
PSL_DATA_USAGE_RESPONSES:PSL_CALENDAR:PSL_DATA_USAGE_COLLECTION_AND_SHARING,PSL_DATA_USAGE_ONLY_COLLECTED,,MULTIPLE_CHOICE,"Uso y gestión de datos (Eventos de calendario)/¿Tu aplicación recoge estos datos, los comparte o hace ambas cosas?/Se recogen"
PSL_DATA_USAGE_RESPONSES:PSL_CALENDAR:PSL_DATA_USAGE_COLLECTION_AND_SHARING,PSL_DATA_USAGE_ONLY_SHARED,,MULTIPLE_CHOICE,"Uso y gestión de datos (Eventos de calendario)/¿Tu aplicación recoge estos datos, los comparte o hace ambas cosas?/Se comparten"
PSL_DATA_USAGE_RESPONSES:PSL_CALENDAR:PSL_DATA_USAGE_EPHEMERAL,,,MAYBE_REQUIRED,Uso y gestión de datos (Eventos de calendario)/¿Se tratan estos datos de forma temporal?
PSL_DATA_USAGE_RESPONSES:PSL_CALENDAR:DATA_USAGE_USER_CONTROL,PSL_DATA_USAGE_USER_CONTROL_OPTIONAL,,SINGLE_CHOICE,Uso y gestión de datos (Eventos de calendario)/¿Son estos datos necesarios para usar tu aplicación o pueden los usuarios elegir si se recogen o no?/Los usuarios pueden elegir si se recogen estos datos o no
PSL_DATA_USAGE_RESPONSES:PSL_CALENDAR:DATA_USAGE_USER_CONTROL,PSL_DATA_USAGE_USER_CONTROL_REQUIRED,,SINGLE_CHOICE,Uso y gestión de datos (Eventos de calendario)/¿Son estos datos necesarios para usar tu aplicación o pueden los usuarios elegir si se recogen o no?/La recogida de datos es necesaria (los usuarios no pueden desactivarla)
PSL_DATA_USAGE_RESPONSES:PSL_CALENDAR:DATA_USAGE_COLLECTION_PURPOSE,PSL_APP_FUNCTIONALITY,,MULTIPLE_CHOICE,Uso y gestión de datos (Eventos de calendario)/¿Por qué se recogen estos datos de usuario? Selecciona todas las opciones que correspondan./Funcionalidad de la aplicación
PSL_DATA_USAGE_RESPONSES:PSL_CALENDAR:DATA_USAGE_COLLECTION_PURPOSE,PSL_ANALYTICS,,MULTIPLE_CHOICE,Uso y gestión de datos (Eventos de calendario)/¿Por qué se recogen estos datos de usuario? Selecciona todas las opciones que correspondan./Análisis
PSL_DATA_USAGE_RESPONSES:PSL_CALENDAR:DATA_USAGE_COLLECTION_PURPOSE,PSL_DEVELOPER_COMMUNICATIONS,,MULTIPLE_CHOICE,Uso y gestión de datos (Eventos de calendario)/¿Por qué se recogen estos datos de usuario? Selecciona todas las opciones que correspondan./Comunicaciones del desarrollador
PSL_DATA_USAGE_RESPONSES:PSL_CALENDAR:DATA_USAGE_COLLECTION_PURPOSE,PSL_FRAUD_PREVENTION_SECURITY,,MULTIPLE_CHOICE,"Uso y gestión de datos (Eventos de calendario)/¿Por qué se recogen estos datos de usuario? Selecciona todas las opciones que correspondan./Prevención de fraudes, seguridad y cumplimiento"
PSL_DATA_USAGE_RESPONSES:PSL_CALENDAR:DATA_USAGE_COLLECTION_PURPOSE,PSL_ADVERTISING,,MULTIPLE_CHOICE,Uso y gestión de datos (Eventos de calendario)/¿Por qué se recogen estos datos de usuario? Selecciona todas las opciones que correspondan./Publicidad o marketing
PSL_DATA_USAGE_RESPONSES:PSL_CALENDAR:DATA_USAGE_COLLECTION_PURPOSE,PSL_PERSONALIZATION,,MULTIPLE_CHOICE,Uso y gestión de datos (Eventos de calendario)/¿Por qué se recogen estos datos de usuario? Selecciona todas las opciones que correspondan./Personalización
PSL_DATA_USAGE_RESPONSES:PSL_CALENDAR:DATA_USAGE_COLLECTION_PURPOSE,PSL_ACCOUNT_MANAGEMENT,,MULTIPLE_CHOICE,Uso y gestión de datos (Eventos de calendario)/¿Por qué se recogen estos datos de usuario? Selecciona todas las opciones que correspondan./Gestión de cuentas
PSL_DATA_USAGE_RESPONSES:PSL_CALENDAR:DATA_USAGE_SHARING_PURPOSE,PSL_APP_FUNCTIONALITY,,MULTIPLE_CHOICE,Uso y gestión de datos (Eventos de calendario)/¿Por qué se comparten estos datos de usuario? Selecciona todas las opciones que correspondan./Funcionalidad de la aplicación
PSL_DATA_USAGE_RESPONSES:PSL_CALENDAR:DATA_USAGE_SHARING_PURPOSE,PSL_ANALYTICS,,MULTIPLE_CHOICE,Uso y gestión de datos (Eventos de calendario)/¿Por qué se comparten estos datos de usuario? Selecciona todas las opciones que correspondan./Análisis
PSL_DATA_USAGE_RESPONSES:PSL_CALENDAR:DATA_USAGE_SHARING_PURPOSE,PSL_DEVELOPER_COMMUNICATIONS,,MULTIPLE_CHOICE,Uso y gestión de datos (Eventos de calendario)/¿Por qué se comparten estos datos de usuario? Selecciona todas las opciones que correspondan./Comunicaciones del desarrollador
PSL_DATA_USAGE_RESPONSES:PSL_CALENDAR:DATA_USAGE_SHARING_PURPOSE,PSL_FRAUD_PREVENTION_SECURITY,,MULTIPLE_CHOICE,"Uso y gestión de datos (Eventos de calendario)/¿Por qué se comparten estos datos de usuario? Selecciona todas las opciones que correspondan./Prevención de fraudes, seguridad y cumplimiento"
PSL_DATA_USAGE_RESPONSES:PSL_CALENDAR:DATA_USAGE_SHARING_PURPOSE,PSL_ADVERTISING,,MULTIPLE_CHOICE,Uso y gestión de datos (Eventos de calendario)/¿Por qué se comparten estos datos de usuario? Selecciona todas las opciones que correspondan./Publicidad o marketing
PSL_DATA_USAGE_RESPONSES:PSL_CALENDAR:DATA_USAGE_SHARING_PURPOSE,PSL_PERSONALIZATION,,MULTIPLE_CHOICE,Uso y gestión de datos (Eventos de calendario)/¿Por qué se comparten estos datos de usuario? Selecciona todas las opciones que correspondan./Personalización
PSL_DATA_USAGE_RESPONSES:PSL_CALENDAR:DATA_USAGE_SHARING_PURPOSE,PSL_ACCOUNT_MANAGEMENT,,MULTIPLE_CHOICE,Uso y gestión de datos (Eventos de calendario)/¿Por qué se comparten estos datos de usuario? Selecciona todas las opciones que correspondan./Gestión de cuentas
PSL_DATA_USAGE_RESPONSES:PSL_CRASH_LOGS:PSL_DATA_USAGE_COLLECTION_AND_SHARING,PSL_DATA_USAGE_ONLY_COLLECTED,,MULTIPLE_CHOICE,"Uso y gestión de datos (Registros de fallos)/¿Tu aplicación recoge estos datos, los comparte o hace ambas cosas?/Se recogen"
PSL_DATA_USAGE_RESPONSES:PSL_CRASH_LOGS:PSL_DATA_USAGE_COLLECTION_AND_SHARING,PSL_DATA_USAGE_ONLY_SHARED,,MULTIPLE_CHOICE,"Uso y gestión de datos (Registros de fallos)/¿Tu aplicación recoge estos datos, los comparte o hace ambas cosas?/Se comparten"
PSL_DATA_USAGE_RESPONSES:PSL_CRASH_LOGS:PSL_DATA_USAGE_EPHEMERAL,,,MAYBE_REQUIRED,Uso y gestión de datos (Registros de fallos)/¿Se tratan estos datos de forma temporal?
PSL_DATA_USAGE_RESPONSES:PSL_CRASH_LOGS:DATA_USAGE_USER_CONTROL,PSL_DATA_USAGE_USER_CONTROL_OPTIONAL,,SINGLE_CHOICE,Uso y gestión de datos (Registros de fallos)/¿Son estos datos necesarios para usar tu aplicación o pueden los usuarios elegir si se recogen o no?/Los usuarios pueden elegir si se recogen estos datos o no
PSL_DATA_USAGE_RESPONSES:PSL_CRASH_LOGS:DATA_USAGE_USER_CONTROL,PSL_DATA_USAGE_USER_CONTROL_REQUIRED,,SINGLE_CHOICE,Uso y gestión de datos (Registros de fallos)/¿Son estos datos necesarios para usar tu aplicación o pueden los usuarios elegir si se recogen o no?/La recogida de datos es necesaria (los usuarios no pueden desactivarla)
PSL_DATA_USAGE_RESPONSES:PSL_CRASH_LOGS:DATA_USAGE_COLLECTION_PURPOSE,PSL_APP_FUNCTIONALITY,,MULTIPLE_CHOICE,Uso y gestión de datos (Registros de fallos)/¿Por qué se recogen estos datos de usuario? Selecciona todas las opciones que correspondan./Funcionalidad de la aplicación
PSL_DATA_USAGE_RESPONSES:PSL_CRASH_LOGS:DATA_USAGE_COLLECTION_PURPOSE,PSL_ANALYTICS,,MULTIPLE_CHOICE,Uso y gestión de datos (Registros de fallos)/¿Por qué se recogen estos datos de usuario? Selecciona todas las opciones que correspondan./Análisis
PSL_DATA_USAGE_RESPONSES:PSL_CRASH_LOGS:DATA_USAGE_COLLECTION_PURPOSE,PSL_DEVELOPER_COMMUNICATIONS,,MULTIPLE_CHOICE,Uso y gestión de datos (Registros de fallos)/¿Por qué se recogen estos datos de usuario? Selecciona todas las opciones que correspondan./Comunicaciones del desarrollador
PSL_DATA_USAGE_RESPONSES:PSL_CRASH_LOGS:DATA_USAGE_COLLECTION_PURPOSE,PSL_FRAUD_PREVENTION_SECURITY,,MULTIPLE_CHOICE,"Uso y gestión de datos (Registros de fallos)/¿Por qué se recogen estos datos de usuario? Selecciona todas las opciones que correspondan./Prevención de fraudes, seguridad y cumplimiento"
PSL_DATA_USAGE_RESPONSES:PSL_CRASH_LOGS:DATA_USAGE_COLLECTION_PURPOSE,PSL_ADVERTISING,,MULTIPLE_CHOICE,Uso y gestión de datos (Registros de fallos)/¿Por qué se recogen estos datos de usuario? Selecciona todas las opciones que correspondan./Publicidad o marketing
PSL_DATA_USAGE_RESPONSES:PSL_CRASH_LOGS:DATA_USAGE_COLLECTION_PURPOSE,PSL_PERSONALIZATION,,MULTIPLE_CHOICE,Uso y gestión de datos (Registros de fallos)/¿Por qué se recogen estos datos de usuario? Selecciona todas las opciones que correspondan./Personalización
PSL_DATA_USAGE_RESPONSES:PSL_CRASH_LOGS:DATA_USAGE_COLLECTION_PURPOSE,PSL_ACCOUNT_MANAGEMENT,,MULTIPLE_CHOICE,Uso y gestión de datos (Registros de fallos)/¿Por qué se recogen estos datos de usuario? Selecciona todas las opciones que correspondan./Gestión de cuentas
PSL_DATA_USAGE_RESPONSES:PSL_CRASH_LOGS:DATA_USAGE_SHARING_PURPOSE,PSL_APP_FUNCTIONALITY,,MULTIPLE_CHOICE,Uso y gestión de datos (Registros de fallos)/¿Por qué se comparten estos datos de usuario? Selecciona todas las opciones que correspondan./Funcionalidad de la aplicación
PSL_DATA_USAGE_RESPONSES:PSL_CRASH_LOGS:DATA_USAGE_SHARING_PURPOSE,PSL_ANALYTICS,,MULTIPLE_CHOICE,Uso y gestión de datos (Registros de fallos)/¿Por qué se comparten estos datos de usuario? Selecciona todas las opciones que correspondan./Análisis
PSL_DATA_USAGE_RESPONSES:PSL_CRASH_LOGS:DATA_USAGE_SHARING_PURPOSE,PSL_DEVELOPER_COMMUNICATIONS,,MULTIPLE_CHOICE,Uso y gestión de datos (Registros de fallos)/¿Por qué se comparten estos datos de usuario? Selecciona todas las opciones que correspondan./Comunicaciones del desarrollador
PSL_DATA_USAGE_RESPONSES:PSL_CRASH_LOGS:DATA_USAGE_SHARING_PURPOSE,PSL_FRAUD_PREVENTION_SECURITY,,MULTIPLE_CHOICE,"Uso y gestión de datos (Registros de fallos)/¿Por qué se comparten estos datos de usuario? Selecciona todas las opciones que correspondan./Prevención de fraudes, seguridad y cumplimiento"
PSL_DATA_USAGE_RESPONSES:PSL_CRASH_LOGS:DATA_USAGE_SHARING_PURPOSE,PSL_ADVERTISING,,MULTIPLE_CHOICE,Uso y gestión de datos (Registros de fallos)/¿Por qué se comparten estos datos de usuario? Selecciona todas las opciones que correspondan./Publicidad o marketing
PSL_DATA_USAGE_RESPONSES:PSL_CRASH_LOGS:DATA_USAGE_SHARING_PURPOSE,PSL_PERSONALIZATION,,MULTIPLE_CHOICE,Uso y gestión de datos (Registros de fallos)/¿Por qué se comparten estos datos de usuario? Selecciona todas las opciones que correspondan./Personalización
PSL_DATA_USAGE_RESPONSES:PSL_CRASH_LOGS:DATA_USAGE_SHARING_PURPOSE,PSL_ACCOUNT_MANAGEMENT,,MULTIPLE_CHOICE,Uso y gestión de datos (Registros de fallos)/¿Por qué se comparten estos datos de usuario? Selecciona todas las opciones que correspondan./Gestión de cuentas
PSL_DATA_USAGE_RESPONSES:PSL_PERFORMANCE_DIAGNOSTICS:PSL_DATA_USAGE_COLLECTION_AND_SHARING,PSL_DATA_USAGE_ONLY_COLLECTED,,MULTIPLE_CHOICE,"Uso y gestión de datos (Diagnósticos)/¿Tu aplicación recoge estos datos, los comparte o hace ambas cosas?/Se recogen"
PSL_DATA_USAGE_RESPONSES:PSL_PERFORMANCE_DIAGNOSTICS:PSL_DATA_USAGE_COLLECTION_AND_SHARING,PSL_DATA_USAGE_ONLY_SHARED,,MULTIPLE_CHOICE,"Uso y gestión de datos (Diagnósticos)/¿Tu aplicación recoge estos datos, los comparte o hace ambas cosas?/Se comparten"
PSL_DATA_USAGE_RESPONSES:PSL_PERFORMANCE_DIAGNOSTICS:PSL_DATA_USAGE_EPHEMERAL,,,MAYBE_REQUIRED,Uso y gestión de datos (Diagnósticos)/¿Se tratan estos datos de forma temporal?
PSL_DATA_USAGE_RESPONSES:PSL_PERFORMANCE_DIAGNOSTICS:DATA_USAGE_USER_CONTROL,PSL_DATA_USAGE_USER_CONTROL_OPTIONAL,,SINGLE_CHOICE,Uso y gestión de datos (Diagnósticos)/¿Son estos datos necesarios para usar tu aplicación o pueden los usuarios elegir si se recogen o no?/Los usuarios pueden elegir si se recogen estos datos o no
PSL_DATA_USAGE_RESPONSES:PSL_PERFORMANCE_DIAGNOSTICS:DATA_USAGE_USER_CONTROL,PSL_DATA_USAGE_USER_CONTROL_REQUIRED,,SINGLE_CHOICE,Uso y gestión de datos (Diagnósticos)/¿Son estos datos necesarios para usar tu aplicación o pueden los usuarios elegir si se recogen o no?/La recogida de datos es necesaria (los usuarios no pueden desactivarla)
PSL_DATA_USAGE_RESPONSES:PSL_PERFORMANCE_DIAGNOSTICS:DATA_USAGE_COLLECTION_PURPOSE,PSL_APP_FUNCTIONALITY,,MULTIPLE_CHOICE,Uso y gestión de datos (Diagnósticos)/¿Por qué se recogen estos datos de usuario? Selecciona todas las opciones que correspondan./Funcionalidad de la aplicación
PSL_DATA_USAGE_RESPONSES:PSL_PERFORMANCE_DIAGNOSTICS:DATA_USAGE_COLLECTION_PURPOSE,PSL_ANALYTICS,,MULTIPLE_CHOICE,Uso y gestión de datos (Diagnósticos)/¿Por qué se recogen estos datos de usuario? Selecciona todas las opciones que correspondan./Análisis
PSL_DATA_USAGE_RESPONSES:PSL_PERFORMANCE_DIAGNOSTICS:DATA_USAGE_COLLECTION_PURPOSE,PSL_DEVELOPER_COMMUNICATIONS,,MULTIPLE_CHOICE,Uso y gestión de datos (Diagnósticos)/¿Por qué se recogen estos datos de usuario? Selecciona todas las opciones que correspondan./Comunicaciones del desarrollador
PSL_DATA_USAGE_RESPONSES:PSL_PERFORMANCE_DIAGNOSTICS:DATA_USAGE_COLLECTION_PURPOSE,PSL_FRAUD_PREVENTION_SECURITY,,MULTIPLE_CHOICE,"Uso y gestión de datos (Diagnósticos)/¿Por qué se recogen estos datos de usuario? Selecciona todas las opciones que correspondan./Prevención de fraudes, seguridad y cumplimiento"
PSL_DATA_USAGE_RESPONSES:PSL_PERFORMANCE_DIAGNOSTICS:DATA_USAGE_COLLECTION_PURPOSE,PSL_ADVERTISING,,MULTIPLE_CHOICE,Uso y gestión de datos (Diagnósticos)/¿Por qué se recogen estos datos de usuario? Selecciona todas las opciones que correspondan./Publicidad o marketing
PSL_DATA_USAGE_RESPONSES:PSL_PERFORMANCE_DIAGNOSTICS:DATA_USAGE_COLLECTION_PURPOSE,PSL_PERSONALIZATION,,MULTIPLE_CHOICE,Uso y gestión de datos (Diagnósticos)/¿Por qué se recogen estos datos de usuario? Selecciona todas las opciones que correspondan./Personalización
PSL_DATA_USAGE_RESPONSES:PSL_PERFORMANCE_DIAGNOSTICS:DATA_USAGE_COLLECTION_PURPOSE,PSL_ACCOUNT_MANAGEMENT,,MULTIPLE_CHOICE,Uso y gestión de datos (Diagnósticos)/¿Por qué se recogen estos datos de usuario? Selecciona todas las opciones que correspondan./Gestión de cuentas
PSL_DATA_USAGE_RESPONSES:PSL_PERFORMANCE_DIAGNOSTICS:DATA_USAGE_SHARING_PURPOSE,PSL_APP_FUNCTIONALITY,,MULTIPLE_CHOICE,Uso y gestión de datos (Diagnósticos)/¿Por qué se comparten estos datos de usuario? Selecciona todas las opciones que correspondan./Funcionalidad de la aplicación
PSL_DATA_USAGE_RESPONSES:PSL_PERFORMANCE_DIAGNOSTICS:DATA_USAGE_SHARING_PURPOSE,PSL_ANALYTICS,,MULTIPLE_CHOICE,Uso y gestión de datos (Diagnósticos)/¿Por qué se comparten estos datos de usuario? Selecciona todas las opciones que correspondan./Análisis
PSL_DATA_USAGE_RESPONSES:PSL_PERFORMANCE_DIAGNOSTICS:DATA_USAGE_SHARING_PURPOSE,PSL_DEVELOPER_COMMUNICATIONS,,MULTIPLE_CHOICE,Uso y gestión de datos (Diagnósticos)/¿Por qué se comparten estos datos de usuario? Selecciona todas las opciones que correspondan./Comunicaciones del desarrollador
PSL_DATA_USAGE_RESPONSES:PSL_PERFORMANCE_DIAGNOSTICS:DATA_USAGE_SHARING_PURPOSE,PSL_FRAUD_PREVENTION_SECURITY,,MULTIPLE_CHOICE,"Uso y gestión de datos (Diagnósticos)/¿Por qué se comparten estos datos de usuario? Selecciona todas las opciones que correspondan./Prevención de fraudes, seguridad y cumplimiento"
PSL_DATA_USAGE_RESPONSES:PSL_PERFORMANCE_DIAGNOSTICS:DATA_USAGE_SHARING_PURPOSE,PSL_ADVERTISING,,MULTIPLE_CHOICE,Uso y gestión de datos (Diagnósticos)/¿Por qué se comparten estos datos de usuario? Selecciona todas las opciones que correspondan./Publicidad o marketing
PSL_DATA_USAGE_RESPONSES:PSL_PERFORMANCE_DIAGNOSTICS:DATA_USAGE_SHARING_PURPOSE,PSL_PERSONALIZATION,,MULTIPLE_CHOICE,Uso y gestión de datos (Diagnósticos)/¿Por qué se comparten estos datos de usuario? Selecciona todas las opciones que correspondan./Personalización
PSL_DATA_USAGE_RESPONSES:PSL_PERFORMANCE_DIAGNOSTICS:DATA_USAGE_SHARING_PURPOSE,PSL_ACCOUNT_MANAGEMENT,,MULTIPLE_CHOICE,Uso y gestión de datos (Diagnósticos)/¿Por qué se comparten estos datos de usuario? Selecciona todas las opciones que correspondan./Gestión de cuentas
PSL_DATA_USAGE_RESPONSES:PSL_OTHER_PERFORMANCE:PSL_DATA_USAGE_COLLECTION_AND_SHARING,PSL_DATA_USAGE_ONLY_COLLECTED,,MULTIPLE_CHOICE,"Uso y gestión de datos (Otros datos de rendimiento de la aplicación)/¿Tu aplicación recoge estos datos, los comparte o hace ambas cosas?/Se recogen"
PSL_DATA_USAGE_RESPONSES:PSL_OTHER_PERFORMANCE:PSL_DATA_USAGE_COLLECTION_AND_SHARING,PSL_DATA_USAGE_ONLY_SHARED,,MULTIPLE_CHOICE,"Uso y gestión de datos (Otros datos de rendimiento de la aplicación)/¿Tu aplicación recoge estos datos, los comparte o hace ambas cosas?/Se comparten"
PSL_DATA_USAGE_RESPONSES:PSL_OTHER_PERFORMANCE:PSL_DATA_USAGE_EPHEMERAL,,,MAYBE_REQUIRED,Uso y gestión de datos (Otros datos de rendimiento de la aplicación)/¿Se tratan estos datos de forma temporal?
PSL_DATA_USAGE_RESPONSES:PSL_OTHER_PERFORMANCE:DATA_USAGE_USER_CONTROL,PSL_DATA_USAGE_USER_CONTROL_OPTIONAL,,SINGLE_CHOICE,Uso y gestión de datos (Otros datos de rendimiento de la aplicación)/¿Son estos datos necesarios para usar tu aplicación o pueden los usuarios elegir si se recogen o no?/Los usuarios pueden elegir si se recogen estos datos o no
PSL_DATA_USAGE_RESPONSES:PSL_OTHER_PERFORMANCE:DATA_USAGE_USER_CONTROL,PSL_DATA_USAGE_USER_CONTROL_REQUIRED,,SINGLE_CHOICE,Uso y gestión de datos (Otros datos de rendimiento de la aplicación)/¿Son estos datos necesarios para usar tu aplicación o pueden los usuarios elegir si se recogen o no?/La recogida de datos es necesaria (los usuarios no pueden desactivarla)
PSL_DATA_USAGE_RESPONSES:PSL_OTHER_PERFORMANCE:DATA_USAGE_COLLECTION_PURPOSE,PSL_APP_FUNCTIONALITY,,MULTIPLE_CHOICE,Uso y gestión de datos (Otros datos de rendimiento de la aplicación)/¿Por qué se recogen estos datos de usuario? Selecciona todas las opciones que correspondan./Funcionalidad de la aplicación
PSL_DATA_USAGE_RESPONSES:PSL_OTHER_PERFORMANCE:DATA_USAGE_COLLECTION_PURPOSE,PSL_ANALYTICS,,MULTIPLE_CHOICE,Uso y gestión de datos (Otros datos de rendimiento de la aplicación)/¿Por qué se recogen estos datos de usuario? Selecciona todas las opciones que correspondan./Análisis
PSL_DATA_USAGE_RESPONSES:PSL_OTHER_PERFORMANCE:DATA_USAGE_COLLECTION_PURPOSE,PSL_DEVELOPER_COMMUNICATIONS,,MULTIPLE_CHOICE,Uso y gestión de datos (Otros datos de rendimiento de la aplicación)/¿Por qué se recogen estos datos de usuario? Selecciona todas las opciones que correspondan./Comunicaciones del desarrollador
PSL_DATA_USAGE_RESPONSES:PSL_OTHER_PERFORMANCE:DATA_USAGE_COLLECTION_PURPOSE,PSL_FRAUD_PREVENTION_SECURITY,,MULTIPLE_CHOICE,"Uso y gestión de datos (Otros datos de rendimiento de la aplicación)/¿Por qué se recogen estos datos de usuario? Selecciona todas las opciones que correspondan./Prevención de fraudes, seguridad y cumplimiento"
PSL_DATA_USAGE_RESPONSES:PSL_OTHER_PERFORMANCE:DATA_USAGE_COLLECTION_PURPOSE,PSL_ADVERTISING,,MULTIPLE_CHOICE,Uso y gestión de datos (Otros datos de rendimiento de la aplicación)/¿Por qué se recogen estos datos de usuario? Selecciona todas las opciones que correspondan./Publicidad o marketing
PSL_DATA_USAGE_RESPONSES:PSL_OTHER_PERFORMANCE:DATA_USAGE_COLLECTION_PURPOSE,PSL_PERSONALIZATION,,MULTIPLE_CHOICE,Uso y gestión de datos (Otros datos de rendimiento de la aplicación)/¿Por qué se recogen estos datos de usuario? Selecciona todas las opciones que correspondan./Personalización
PSL_DATA_USAGE_RESPONSES:PSL_OTHER_PERFORMANCE:DATA_USAGE_COLLECTION_PURPOSE,PSL_ACCOUNT_MANAGEMENT,,MULTIPLE_CHOICE,Uso y gestión de datos (Otros datos de rendimiento de la aplicación)/¿Por qué se recogen estos datos de usuario? Selecciona todas las opciones que correspondan./Gestión de cuentas
PSL_DATA_USAGE_RESPONSES:PSL_OTHER_PERFORMANCE:DATA_USAGE_SHARING_PURPOSE,PSL_APP_FUNCTIONALITY,,MULTIPLE_CHOICE,Uso y gestión de datos (Otros datos de rendimiento de la aplicación)/¿Por qué se comparten estos datos de usuario? Selecciona todas las opciones que correspondan./Funcionalidad de la aplicación
PSL_DATA_USAGE_RESPONSES:PSL_OTHER_PERFORMANCE:DATA_USAGE_SHARING_PURPOSE,PSL_ANALYTICS,,MULTIPLE_CHOICE,Uso y gestión de datos (Otros datos de rendimiento de la aplicación)/¿Por qué se comparten estos datos de usuario? Selecciona todas las opciones que correspondan./Análisis
PSL_DATA_USAGE_RESPONSES:PSL_OTHER_PERFORMANCE:DATA_USAGE_SHARING_PURPOSE,PSL_DEVELOPER_COMMUNICATIONS,,MULTIPLE_CHOICE,Uso y gestión de datos (Otros datos de rendimiento de la aplicación)/¿Por qué se comparten estos datos de usuario? Selecciona todas las opciones que correspondan./Comunicaciones del desarrollador
PSL_DATA_USAGE_RESPONSES:PSL_OTHER_PERFORMANCE:DATA_USAGE_SHARING_PURPOSE,PSL_FRAUD_PREVENTION_SECURITY,,MULTIPLE_CHOICE,"Uso y gestión de datos (Otros datos de rendimiento de la aplicación)/¿Por qué se comparten estos datos de usuario? Selecciona todas las opciones que correspondan./Prevención de fraudes, seguridad y cumplimiento"
PSL_DATA_USAGE_RESPONSES:PSL_OTHER_PERFORMANCE:DATA_USAGE_SHARING_PURPOSE,PSL_ADVERTISING,,MULTIPLE_CHOICE,Uso y gestión de datos (Otros datos de rendimiento de la aplicación)/¿Por qué se comparten estos datos de usuario? Selecciona todas las opciones que correspondan./Publicidad o marketing
PSL_DATA_USAGE_RESPONSES:PSL_OTHER_PERFORMANCE:DATA_USAGE_SHARING_PURPOSE,PSL_PERSONALIZATION,,MULTIPLE_CHOICE,Uso y gestión de datos (Otros datos de rendimiento de la aplicación)/¿Por qué se comparten estos datos de usuario? Selecciona todas las opciones que correspondan./Personalización
PSL_DATA_USAGE_RESPONSES:PSL_OTHER_PERFORMANCE:DATA_USAGE_SHARING_PURPOSE,PSL_ACCOUNT_MANAGEMENT,,MULTIPLE_CHOICE,Uso y gestión de datos (Otros datos de rendimiento de la aplicación)/¿Por qué se comparten estos datos de usuario? Selecciona todas las opciones que correspondan./Gestión de cuentas
PSL_DATA_USAGE_RESPONSES:PSL_FILES_AND_DOCS:PSL_DATA_USAGE_COLLECTION_AND_SHARING,PSL_DATA_USAGE_ONLY_COLLECTED,,MULTIPLE_CHOICE,"Uso y gestión de datos (Archivos y documentos)/¿Tu aplicación recoge estos datos, los comparte o hace ambas cosas?/Se recogen"
PSL_DATA_USAGE_RESPONSES:PSL_FILES_AND_DOCS:PSL_DATA_USAGE_COLLECTION_AND_SHARING,PSL_DATA_USAGE_ONLY_SHARED,,MULTIPLE_CHOICE,"Uso y gestión de datos (Archivos y documentos)/¿Tu aplicación recoge estos datos, los comparte o hace ambas cosas?/Se comparten"
PSL_DATA_USAGE_RESPONSES:PSL_FILES_AND_DOCS:PSL_DATA_USAGE_EPHEMERAL,,,MAYBE_REQUIRED,Uso y gestión de datos (Archivos y documentos)/¿Se tratan estos datos de forma temporal?
PSL_DATA_USAGE_RESPONSES:PSL_FILES_AND_DOCS:DATA_USAGE_USER_CONTROL,PSL_DATA_USAGE_USER_CONTROL_OPTIONAL,,SINGLE_CHOICE,Uso y gestión de datos (Archivos y documentos)/¿Son estos datos necesarios para usar tu aplicación o pueden los usuarios elegir si se recogen o no?/Los usuarios pueden elegir si se recogen estos datos o no
PSL_DATA_USAGE_RESPONSES:PSL_FILES_AND_DOCS:DATA_USAGE_USER_CONTROL,PSL_DATA_USAGE_USER_CONTROL_REQUIRED,,SINGLE_CHOICE,Uso y gestión de datos (Archivos y documentos)/¿Son estos datos necesarios para usar tu aplicación o pueden los usuarios elegir si se recogen o no?/La recogida de datos es necesaria (los usuarios no pueden desactivarla)
PSL_DATA_USAGE_RESPONSES:PSL_FILES_AND_DOCS:DATA_USAGE_COLLECTION_PURPOSE,PSL_APP_FUNCTIONALITY,,MULTIPLE_CHOICE,Uso y gestión de datos (Archivos y documentos)/¿Por qué se recogen estos datos de usuario? Selecciona todas las opciones que correspondan./Funcionalidad de la aplicación
PSL_DATA_USAGE_RESPONSES:PSL_FILES_AND_DOCS:DATA_USAGE_COLLECTION_PURPOSE,PSL_ANALYTICS,,MULTIPLE_CHOICE,Uso y gestión de datos (Archivos y documentos)/¿Por qué se recogen estos datos de usuario? Selecciona todas las opciones que correspondan./Análisis
PSL_DATA_USAGE_RESPONSES:PSL_FILES_AND_DOCS:DATA_USAGE_COLLECTION_PURPOSE,PSL_DEVELOPER_COMMUNICATIONS,,MULTIPLE_CHOICE,Uso y gestión de datos (Archivos y documentos)/¿Por qué se recogen estos datos de usuario? Selecciona todas las opciones que correspondan./Comunicaciones del desarrollador
PSL_DATA_USAGE_RESPONSES:PSL_FILES_AND_DOCS:DATA_USAGE_COLLECTION_PURPOSE,PSL_FRAUD_PREVENTION_SECURITY,,MULTIPLE_CHOICE,"Uso y gestión de datos (Archivos y documentos)/¿Por qué se recogen estos datos de usuario? Selecciona todas las opciones que correspondan./Prevención de fraudes, seguridad y cumplimiento"
PSL_DATA_USAGE_RESPONSES:PSL_FILES_AND_DOCS:DATA_USAGE_COLLECTION_PURPOSE,PSL_ADVERTISING,,MULTIPLE_CHOICE,Uso y gestión de datos (Archivos y documentos)/¿Por qué se recogen estos datos de usuario? Selecciona todas las opciones que correspondan./Publicidad o marketing
PSL_DATA_USAGE_RESPONSES:PSL_FILES_AND_DOCS:DATA_USAGE_COLLECTION_PURPOSE,PSL_PERSONALIZATION,,MULTIPLE_CHOICE,Uso y gestión de datos (Archivos y documentos)/¿Por qué se recogen estos datos de usuario? Selecciona todas las opciones que correspondan./Personalización
PSL_DATA_USAGE_RESPONSES:PSL_FILES_AND_DOCS:DATA_USAGE_COLLECTION_PURPOSE,PSL_ACCOUNT_MANAGEMENT,,MULTIPLE_CHOICE,Uso y gestión de datos (Archivos y documentos)/¿Por qué se recogen estos datos de usuario? Selecciona todas las opciones que correspondan./Gestión de cuentas
PSL_DATA_USAGE_RESPONSES:PSL_FILES_AND_DOCS:DATA_USAGE_SHARING_PURPOSE,PSL_APP_FUNCTIONALITY,,MULTIPLE_CHOICE,Uso y gestión de datos (Archivos y documentos)/¿Por qué se comparten estos datos de usuario? Selecciona todas las opciones que correspondan./Funcionalidad de la aplicación
PSL_DATA_USAGE_RESPONSES:PSL_FILES_AND_DOCS:DATA_USAGE_SHARING_PURPOSE,PSL_ANALYTICS,,MULTIPLE_CHOICE,Uso y gestión de datos (Archivos y documentos)/¿Por qué se comparten estos datos de usuario? Selecciona todas las opciones que correspondan./Análisis
PSL_DATA_USAGE_RESPONSES:PSL_FILES_AND_DOCS:DATA_USAGE_SHARING_PURPOSE,PSL_DEVELOPER_COMMUNICATIONS,,MULTIPLE_CHOICE,Uso y gestión de datos (Archivos y documentos)/¿Por qué se comparten estos datos de usuario? Selecciona todas las opciones que correspondan./Comunicaciones del desarrollador
PSL_DATA_USAGE_RESPONSES:PSL_FILES_AND_DOCS:DATA_USAGE_SHARING_PURPOSE,PSL_FRAUD_PREVENTION_SECURITY,,MULTIPLE_CHOICE,"Uso y gestión de datos (Archivos y documentos)/¿Por qué se comparten estos datos de usuario? Selecciona todas las opciones que correspondan./Prevención de fraudes, seguridad y cumplimiento"
PSL_DATA_USAGE_RESPONSES:PSL_FILES_AND_DOCS:DATA_USAGE_SHARING_PURPOSE,PSL_ADVERTISING,,MULTIPLE_CHOICE,Uso y gestión de datos (Archivos y documentos)/¿Por qué se comparten estos datos de usuario? Selecciona todas las opciones que correspondan./Publicidad o marketing
PSL_DATA_USAGE_RESPONSES:PSL_FILES_AND_DOCS:DATA_USAGE_SHARING_PURPOSE,PSL_PERSONALIZATION,,MULTIPLE_CHOICE,Uso y gestión de datos (Archivos y documentos)/¿Por qué se comparten estos datos de usuario? Selecciona todas las opciones que correspondan./Personalización
PSL_DATA_USAGE_RESPONSES:PSL_FILES_AND_DOCS:DATA_USAGE_SHARING_PURPOSE,PSL_ACCOUNT_MANAGEMENT,,MULTIPLE_CHOICE,Uso y gestión de datos (Archivos y documentos)/¿Por qué se comparten estos datos de usuario? Selecciona todas las opciones que correspondan./Gestión de cuentas
PSL_DATA_USAGE_RESPONSES:PSL_USER_INTERACTION:PSL_DATA_USAGE_COLLECTION_AND_SHARING,PSL_DATA_USAGE_ONLY_COLLECTED,true,MULTIPLE_CHOICE,"Uso y gestión de datos (Interacciones con la aplicación)/¿Tu aplicación recoge estos datos, los comparte o hace ambas cosas?/Se recogen"
PSL_DATA_USAGE_RESPONSES:PSL_USER_INTERACTION:PSL_DATA_USAGE_COLLECTION_AND_SHARING,PSL_DATA_USAGE_ONLY_SHARED,true,MULTIPLE_CHOICE,"Uso y gestión de datos (Interacciones con la aplicación)/¿Tu aplicación recoge estos datos, los comparte o hace ambas cosas?/Se comparten"
PSL_DATA_USAGE_RESPONSES:PSL_USER_INTERACTION:PSL_DATA_USAGE_EPHEMERAL,,false,MAYBE_REQUIRED,Uso y gestión de datos (Interacciones con la aplicación)/¿Se tratan estos datos de forma temporal?
PSL_DATA_USAGE_RESPONSES:PSL_USER_INTERACTION:DATA_USAGE_USER_CONTROL,PSL_DATA_USAGE_USER_CONTROL_OPTIONAL,true,SINGLE_CHOICE,Uso y gestión de datos (Interacciones con la aplicación)/¿Son estos datos necesarios para usar tu aplicación o pueden los usuarios elegir si se recogen o no?/Los usuarios pueden elegir si se recogen estos datos o no
PSL_DATA_USAGE_RESPONSES:PSL_USER_INTERACTION:DATA_USAGE_USER_CONTROL,PSL_DATA_USAGE_USER_CONTROL_REQUIRED,,SINGLE_CHOICE,Uso y gestión de datos (Interacciones con la aplicación)/¿Son estos datos necesarios para usar tu aplicación o pueden los usuarios elegir si se recogen o no?/La recogida de datos es necesaria (los usuarios no pueden desactivarla)
PSL_DATA_USAGE_RESPONSES:PSL_USER_INTERACTION:DATA_USAGE_COLLECTION_PURPOSE,PSL_APP_FUNCTIONALITY,true,MULTIPLE_CHOICE,Uso y gestión de datos (Interacciones con la aplicación)/¿Por qué se recogen estos datos de usuario? Selecciona todas las opciones que correspondan./Funcionalidad de la aplicación
PSL_DATA_USAGE_RESPONSES:PSL_USER_INTERACTION:DATA_USAGE_COLLECTION_PURPOSE,PSL_ANALYTICS,true,MULTIPLE_CHOICE,Uso y gestión de datos (Interacciones con la aplicación)/¿Por qué se recogen estos datos de usuario? Selecciona todas las opciones que correspondan./Análisis
PSL_DATA_USAGE_RESPONSES:PSL_USER_INTERACTION:DATA_USAGE_COLLECTION_PURPOSE,PSL_DEVELOPER_COMMUNICATIONS,,MULTIPLE_CHOICE,Uso y gestión de datos (Interacciones con la aplicación)/¿Por qué se recogen estos datos de usuario? Selecciona todas las opciones que correspondan./Comunicaciones del desarrollador
PSL_DATA_USAGE_RESPONSES:PSL_USER_INTERACTION:DATA_USAGE_COLLECTION_PURPOSE,PSL_FRAUD_PREVENTION_SECURITY,,MULTIPLE_CHOICE,"Uso y gestión de datos (Interacciones con la aplicación)/¿Por qué se recogen estos datos de usuario? Selecciona todas las opciones que correspondan./Prevención de fraudes, seguridad y cumplimiento"
PSL_DATA_USAGE_RESPONSES:PSL_USER_INTERACTION:DATA_USAGE_COLLECTION_PURPOSE,PSL_ADVERTISING,true,MULTIPLE_CHOICE,Uso y gestión de datos (Interacciones con la aplicación)/¿Por qué se recogen estos datos de usuario? Selecciona todas las opciones que correspondan./Publicidad o marketing
PSL_DATA_USAGE_RESPONSES:PSL_USER_INTERACTION:DATA_USAGE_COLLECTION_PURPOSE,PSL_PERSONALIZATION,true,MULTIPLE_CHOICE,Uso y gestión de datos (Interacciones con la aplicación)/¿Por qué se recogen estos datos de usuario? Selecciona todas las opciones que correspondan./Personalización
PSL_DATA_USAGE_RESPONSES:PSL_USER_INTERACTION:DATA_USAGE_COLLECTION_PURPOSE,PSL_ACCOUNT_MANAGEMENT,,MULTIPLE_CHOICE,Uso y gestión de datos (Interacciones con la aplicación)/¿Por qué se recogen estos datos de usuario? Selecciona todas las opciones que correspondan./Gestión de cuentas
PSL_DATA_USAGE_RESPONSES:PSL_USER_INTERACTION:DATA_USAGE_SHARING_PURPOSE,PSL_APP_FUNCTIONALITY,,MULTIPLE_CHOICE,Uso y gestión de datos (Interacciones con la aplicación)/¿Por qué se comparten estos datos de usuario? Selecciona todas las opciones que correspondan./Funcionalidad de la aplicación
PSL_DATA_USAGE_RESPONSES:PSL_USER_INTERACTION:DATA_USAGE_SHARING_PURPOSE,PSL_ANALYTICS,true,MULTIPLE_CHOICE,Uso y gestión de datos (Interacciones con la aplicación)/¿Por qué se comparten estos datos de usuario? Selecciona todas las opciones que correspondan./Análisis
PSL_DATA_USAGE_RESPONSES:PSL_USER_INTERACTION:DATA_USAGE_SHARING_PURPOSE,PSL_DEVELOPER_COMMUNICATIONS,,MULTIPLE_CHOICE,Uso y gestión de datos (Interacciones con la aplicación)/¿Por qué se comparten estos datos de usuario? Selecciona todas las opciones que correspondan./Comunicaciones del desarrollador
PSL_DATA_USAGE_RESPONSES:PSL_USER_INTERACTION:DATA_USAGE_SHARING_PURPOSE,PSL_FRAUD_PREVENTION_SECURITY,,MULTIPLE_CHOICE,"Uso y gestión de datos (Interacciones con la aplicación)/¿Por qué se comparten estos datos de usuario? Selecciona todas las opciones que correspondan./Prevención de fraudes, seguridad y cumplimiento"
PSL_DATA_USAGE_RESPONSES:PSL_USER_INTERACTION:DATA_USAGE_SHARING_PURPOSE,PSL_ADVERTISING,true,MULTIPLE_CHOICE,Uso y gestión de datos (Interacciones con la aplicación)/¿Por qué se comparten estos datos de usuario? Selecciona todas las opciones que correspondan./Publicidad o marketing
PSL_DATA_USAGE_RESPONSES:PSL_USER_INTERACTION:DATA_USAGE_SHARING_PURPOSE,PSL_PERSONALIZATION,,MULTIPLE_CHOICE,Uso y gestión de datos (Interacciones con la aplicación)/¿Por qué se comparten estos datos de usuario? Selecciona todas las opciones que correspondan./Personalización
PSL_DATA_USAGE_RESPONSES:PSL_USER_INTERACTION:DATA_USAGE_SHARING_PURPOSE,PSL_ACCOUNT_MANAGEMENT,,MULTIPLE_CHOICE,Uso y gestión de datos (Interacciones con la aplicación)/¿Por qué se comparten estos datos de usuario? Selecciona todas las opciones que correspondan./Gestión de cuentas
PSL_DATA_USAGE_RESPONSES:PSL_IN_APP_SEARCH_HISTORY:PSL_DATA_USAGE_COLLECTION_AND_SHARING,PSL_DATA_USAGE_ONLY_COLLECTED,,MULTIPLE_CHOICE,"Uso y gestión de datos (Historial de búsquedas en aplicaciones)/¿Tu aplicación recoge estos datos, los comparte o hace ambas cosas?/Se recogen"
PSL_DATA_USAGE_RESPONSES:PSL_IN_APP_SEARCH_HISTORY:PSL_DATA_USAGE_COLLECTION_AND_SHARING,PSL_DATA_USAGE_ONLY_SHARED,,MULTIPLE_CHOICE,"Uso y gestión de datos (Historial de búsquedas en aplicaciones)/¿Tu aplicación recoge estos datos, los comparte o hace ambas cosas?/Se comparten"
PSL_DATA_USAGE_RESPONSES:PSL_IN_APP_SEARCH_HISTORY:PSL_DATA_USAGE_EPHEMERAL,,,MAYBE_REQUIRED,Uso y gestión de datos (Historial de búsquedas en aplicaciones)/¿Se tratan estos datos de forma temporal?
PSL_DATA_USAGE_RESPONSES:PSL_IN_APP_SEARCH_HISTORY:DATA_USAGE_USER_CONTROL,PSL_DATA_USAGE_USER_CONTROL_OPTIONAL,,SINGLE_CHOICE,Uso y gestión de datos (Historial de búsquedas en aplicaciones)/¿Son estos datos necesarios para usar tu aplicación o pueden los usuarios elegir si se recogen o no?/Los usuarios pueden elegir si se recogen estos datos o no
PSL_DATA_USAGE_RESPONSES:PSL_IN_APP_SEARCH_HISTORY:DATA_USAGE_USER_CONTROL,PSL_DATA_USAGE_USER_CONTROL_REQUIRED,,SINGLE_CHOICE,Uso y gestión de datos (Historial de búsquedas en aplicaciones)/¿Son estos datos necesarios para usar tu aplicación o pueden los usuarios elegir si se recogen o no?/La recogida de datos es necesaria (los usuarios no pueden desactivarla)
PSL_DATA_USAGE_RESPONSES:PSL_IN_APP_SEARCH_HISTORY:DATA_USAGE_COLLECTION_PURPOSE,PSL_APP_FUNCTIONALITY,,MULTIPLE_CHOICE,Uso y gestión de datos (Historial de búsquedas en aplicaciones)/¿Por qué se recogen estos datos de usuario? Selecciona todas las opciones que correspondan./Funcionalidad de la aplicación
PSL_DATA_USAGE_RESPONSES:PSL_IN_APP_SEARCH_HISTORY:DATA_USAGE_COLLECTION_PURPOSE,PSL_ANALYTICS,,MULTIPLE_CHOICE,Uso y gestión de datos (Historial de búsquedas en aplicaciones)/¿Por qué se recogen estos datos de usuario? Selecciona todas las opciones que correspondan./Análisis
PSL_DATA_USAGE_RESPONSES:PSL_IN_APP_SEARCH_HISTORY:DATA_USAGE_COLLECTION_PURPOSE,PSL_DEVELOPER_COMMUNICATIONS,,MULTIPLE_CHOICE,Uso y gestión de datos (Historial de búsquedas en aplicaciones)/¿Por qué se recogen estos datos de usuario? Selecciona todas las opciones que correspondan./Comunicaciones del desarrollador
PSL_DATA_USAGE_RESPONSES:PSL_IN_APP_SEARCH_HISTORY:DATA_USAGE_COLLECTION_PURPOSE,PSL_FRAUD_PREVENTION_SECURITY,,MULTIPLE_CHOICE,"Uso y gestión de datos (Historial de búsquedas en aplicaciones)/¿Por qué se recogen estos datos de usuario? Selecciona todas las opciones que correspondan./Prevención de fraudes, seguridad y cumplimiento"
PSL_DATA_USAGE_RESPONSES:PSL_IN_APP_SEARCH_HISTORY:DATA_USAGE_COLLECTION_PURPOSE,PSL_ADVERTISING,,MULTIPLE_CHOICE,Uso y gestión de datos (Historial de búsquedas en aplicaciones)/¿Por qué se recogen estos datos de usuario? Selecciona todas las opciones que correspondan./Publicidad o marketing
PSL_DATA_USAGE_RESPONSES:PSL_IN_APP_SEARCH_HISTORY:DATA_USAGE_COLLECTION_PURPOSE,PSL_PERSONALIZATION,,MULTIPLE_CHOICE,Uso y gestión de datos (Historial de búsquedas en aplicaciones)/¿Por qué se recogen estos datos de usuario? Selecciona todas las opciones que correspondan./Personalización
PSL_DATA_USAGE_RESPONSES:PSL_IN_APP_SEARCH_HISTORY:DATA_USAGE_COLLECTION_PURPOSE,PSL_ACCOUNT_MANAGEMENT,,MULTIPLE_CHOICE,Uso y gestión de datos (Historial de búsquedas en aplicaciones)/¿Por qué se recogen estos datos de usuario? Selecciona todas las opciones que correspondan./Gestión de cuentas
PSL_DATA_USAGE_RESPONSES:PSL_IN_APP_SEARCH_HISTORY:DATA_USAGE_SHARING_PURPOSE,PSL_APP_FUNCTIONALITY,,MULTIPLE_CHOICE,Uso y gestión de datos (Historial de búsquedas en aplicaciones)/¿Por qué se comparten estos datos de usuario? Selecciona todas las opciones que correspondan./Funcionalidad de la aplicación
PSL_DATA_USAGE_RESPONSES:PSL_IN_APP_SEARCH_HISTORY:DATA_USAGE_SHARING_PURPOSE,PSL_ANALYTICS,,MULTIPLE_CHOICE,Uso y gestión de datos (Historial de búsquedas en aplicaciones)/¿Por qué se comparten estos datos de usuario? Selecciona todas las opciones que correspondan./Análisis
PSL_DATA_USAGE_RESPONSES:PSL_IN_APP_SEARCH_HISTORY:DATA_USAGE_SHARING_PURPOSE,PSL_DEVELOPER_COMMUNICATIONS,,MULTIPLE_CHOICE,Uso y gestión de datos (Historial de búsquedas en aplicaciones)/¿Por qué se comparten estos datos de usuario? Selecciona todas las opciones que correspondan./Comunicaciones del desarrollador
PSL_DATA_USAGE_RESPONSES:PSL_IN_APP_SEARCH_HISTORY:DATA_USAGE_SHARING_PURPOSE,PSL_FRAUD_PREVENTION_SECURITY,,MULTIPLE_CHOICE,"Uso y gestión de datos (Historial de búsquedas en aplicaciones)/¿Por qué se comparten estos datos de usuario? Selecciona todas las opciones que correspondan./Prevención de fraudes, seguridad y cumplimiento"
PSL_DATA_USAGE_RESPONSES:PSL_IN_APP_SEARCH_HISTORY:DATA_USAGE_SHARING_PURPOSE,PSL_ADVERTISING,,MULTIPLE_CHOICE,Uso y gestión de datos (Historial de búsquedas en aplicaciones)/¿Por qué se comparten estos datos de usuario? Selecciona todas las opciones que correspondan./Publicidad o marketing
PSL_DATA_USAGE_RESPONSES:PSL_IN_APP_SEARCH_HISTORY:DATA_USAGE_SHARING_PURPOSE,PSL_PERSONALIZATION,,MULTIPLE_CHOICE,Uso y gestión de datos (Historial de búsquedas en aplicaciones)/¿Por qué se comparten estos datos de usuario? Selecciona todas las opciones que correspondan./Personalización
PSL_DATA_USAGE_RESPONSES:PSL_IN_APP_SEARCH_HISTORY:DATA_USAGE_SHARING_PURPOSE,PSL_ACCOUNT_MANAGEMENT,,MULTIPLE_CHOICE,Uso y gestión de datos (Historial de búsquedas en aplicaciones)/¿Por qué se comparten estos datos de usuario? Selecciona todas las opciones que correspondan./Gestión de cuentas
PSL_DATA_USAGE_RESPONSES:PSL_APPS_ON_DEVICE:PSL_DATA_USAGE_COLLECTION_AND_SHARING,PSL_DATA_USAGE_ONLY_COLLECTED,,MULTIPLE_CHOICE,"Uso y gestión de datos (Aplicaciones instaladas)/¿Tu aplicación recoge estos datos, los comparte o hace ambas cosas?/Se recogen"
PSL_DATA_USAGE_RESPONSES:PSL_APPS_ON_DEVICE:PSL_DATA_USAGE_COLLECTION_AND_SHARING,PSL_DATA_USAGE_ONLY_SHARED,,MULTIPLE_CHOICE,"Uso y gestión de datos (Aplicaciones instaladas)/¿Tu aplicación recoge estos datos, los comparte o hace ambas cosas?/Se comparten"
PSL_DATA_USAGE_RESPONSES:PSL_APPS_ON_DEVICE:PSL_DATA_USAGE_EPHEMERAL,,,MAYBE_REQUIRED,Uso y gestión de datos (Aplicaciones instaladas)/¿Se tratan estos datos de forma temporal?
PSL_DATA_USAGE_RESPONSES:PSL_APPS_ON_DEVICE:DATA_USAGE_USER_CONTROL,PSL_DATA_USAGE_USER_CONTROL_OPTIONAL,,SINGLE_CHOICE,Uso y gestión de datos (Aplicaciones instaladas)/¿Son estos datos necesarios para usar tu aplicación o pueden los usuarios elegir si se recogen o no?/Los usuarios pueden elegir si se recogen estos datos o no
PSL_DATA_USAGE_RESPONSES:PSL_APPS_ON_DEVICE:DATA_USAGE_USER_CONTROL,PSL_DATA_USAGE_USER_CONTROL_REQUIRED,,SINGLE_CHOICE,Uso y gestión de datos (Aplicaciones instaladas)/¿Son estos datos necesarios para usar tu aplicación o pueden los usuarios elegir si se recogen o no?/La recogida de datos es necesaria (los usuarios no pueden desactivarla)
PSL_DATA_USAGE_RESPONSES:PSL_APPS_ON_DEVICE:DATA_USAGE_COLLECTION_PURPOSE,PSL_APP_FUNCTIONALITY,,MULTIPLE_CHOICE,Uso y gestión de datos (Aplicaciones instaladas)/¿Por qué se recogen estos datos de usuario? Selecciona todas las opciones que correspondan./Funcionalidad de la aplicación
PSL_DATA_USAGE_RESPONSES:PSL_APPS_ON_DEVICE:DATA_USAGE_COLLECTION_PURPOSE,PSL_ANALYTICS,,MULTIPLE_CHOICE,Uso y gestión de datos (Aplicaciones instaladas)/¿Por qué se recogen estos datos de usuario? Selecciona todas las opciones que correspondan./Análisis
PSL_DATA_USAGE_RESPONSES:PSL_APPS_ON_DEVICE:DATA_USAGE_COLLECTION_PURPOSE,PSL_DEVELOPER_COMMUNICATIONS,,MULTIPLE_CHOICE,Uso y gestión de datos (Aplicaciones instaladas)/¿Por qué se recogen estos datos de usuario? Selecciona todas las opciones que correspondan./Comunicaciones del desarrollador
PSL_DATA_USAGE_RESPONSES:PSL_APPS_ON_DEVICE:DATA_USAGE_COLLECTION_PURPOSE,PSL_FRAUD_PREVENTION_SECURITY,,MULTIPLE_CHOICE,"Uso y gestión de datos (Aplicaciones instaladas)/¿Por qué se recogen estos datos de usuario? Selecciona todas las opciones que correspondan./Prevención de fraudes, seguridad y cumplimiento"
PSL_DATA_USAGE_RESPONSES:PSL_APPS_ON_DEVICE:DATA_USAGE_COLLECTION_PURPOSE,PSL_ADVERTISING,,MULTIPLE_CHOICE,Uso y gestión de datos (Aplicaciones instaladas)/¿Por qué se recogen estos datos de usuario? Selecciona todas las opciones que correspondan./Publicidad o marketing
PSL_DATA_USAGE_RESPONSES:PSL_APPS_ON_DEVICE:DATA_USAGE_COLLECTION_PURPOSE,PSL_PERSONALIZATION,,MULTIPLE_CHOICE,Uso y gestión de datos (Aplicaciones instaladas)/¿Por qué se recogen estos datos de usuario? Selecciona todas las opciones que correspondan./Personalización
PSL_DATA_USAGE_RESPONSES:PSL_APPS_ON_DEVICE:DATA_USAGE_COLLECTION_PURPOSE,PSL_ACCOUNT_MANAGEMENT,,MULTIPLE_CHOICE,Uso y gestión de datos (Aplicaciones instaladas)/¿Por qué se recogen estos datos de usuario? Selecciona todas las opciones que correspondan./Gestión de cuentas
PSL_DATA_USAGE_RESPONSES:PSL_APPS_ON_DEVICE:DATA_USAGE_SHARING_PURPOSE,PSL_APP_FUNCTIONALITY,,MULTIPLE_CHOICE,Uso y gestión de datos (Aplicaciones instaladas)/¿Por qué se comparten estos datos de usuario? Selecciona todas las opciones que correspondan./Funcionalidad de la aplicación
PSL_DATA_USAGE_RESPONSES:PSL_APPS_ON_DEVICE:DATA_USAGE_SHARING_PURPOSE,PSL_ANALYTICS,,MULTIPLE_CHOICE,Uso y gestión de datos (Aplicaciones instaladas)/¿Por qué se comparten estos datos de usuario? Selecciona todas las opciones que correspondan./Análisis
PSL_DATA_USAGE_RESPONSES:PSL_APPS_ON_DEVICE:DATA_USAGE_SHARING_PURPOSE,PSL_DEVELOPER_COMMUNICATIONS,,MULTIPLE_CHOICE,Uso y gestión de datos (Aplicaciones instaladas)/¿Por qué se comparten estos datos de usuario? Selecciona todas las opciones que correspondan./Comunicaciones del desarrollador
PSL_DATA_USAGE_RESPONSES:PSL_APPS_ON_DEVICE:DATA_USAGE_SHARING_PURPOSE,PSL_FRAUD_PREVENTION_SECURITY,,MULTIPLE_CHOICE,"Uso y gestión de datos (Aplicaciones instaladas)/¿Por qué se comparten estos datos de usuario? Selecciona todas las opciones que correspondan./Prevención de fraudes, seguridad y cumplimiento"
PSL_DATA_USAGE_RESPONSES:PSL_APPS_ON_DEVICE:DATA_USAGE_SHARING_PURPOSE,PSL_ADVERTISING,,MULTIPLE_CHOICE,Uso y gestión de datos (Aplicaciones instaladas)/¿Por qué se comparten estos datos de usuario? Selecciona todas las opciones que correspondan./Publicidad o marketing
PSL_DATA_USAGE_RESPONSES:PSL_APPS_ON_DEVICE:DATA_USAGE_SHARING_PURPOSE,PSL_PERSONALIZATION,,MULTIPLE_CHOICE,Uso y gestión de datos (Aplicaciones instaladas)/¿Por qué se comparten estos datos de usuario? Selecciona todas las opciones que correspondan./Personalización
PSL_DATA_USAGE_RESPONSES:PSL_APPS_ON_DEVICE:DATA_USAGE_SHARING_PURPOSE,PSL_ACCOUNT_MANAGEMENT,,MULTIPLE_CHOICE,Uso y gestión de datos (Aplicaciones instaladas)/¿Por qué se comparten estos datos de usuario? Selecciona todas las opciones que correspondan./Gestión de cuentas
PSL_DATA_USAGE_RESPONSES:PSL_USER_GENERATED_CONTENT:PSL_DATA_USAGE_COLLECTION_AND_SHARING,PSL_DATA_USAGE_ONLY_COLLECTED,true,MULTIPLE_CHOICE,"Uso y gestión de datos (Otro contenido generado por el usuario)/¿Tu aplicación recoge estos datos, los comparte o hace ambas cosas?/Se recogen"
PSL_DATA_USAGE_RESPONSES:PSL_USER_GENERATED_CONTENT:PSL_DATA_USAGE_COLLECTION_AND_SHARING,PSL_DATA_USAGE_ONLY_SHARED,,MULTIPLE_CHOICE,"Uso y gestión de datos (Otro contenido generado por el usuario)/¿Tu aplicación recoge estos datos, los comparte o hace ambas cosas?/Se comparten"
PSL_DATA_USAGE_RESPONSES:PSL_USER_GENERATED_CONTENT:PSL_DATA_USAGE_EPHEMERAL,,false,MAYBE_REQUIRED,Uso y gestión de datos (Otro contenido generado por el usuario)/¿Se tratan estos datos de forma temporal?
PSL_DATA_USAGE_RESPONSES:PSL_USER_GENERATED_CONTENT:DATA_USAGE_USER_CONTROL,PSL_DATA_USAGE_USER_CONTROL_OPTIONAL,true,SINGLE_CHOICE,Uso y gestión de datos (Otro contenido generado por el usuario)/¿Son estos datos necesarios para usar tu aplicación o pueden los usuarios elegir si se recogen o no?/Los usuarios pueden elegir si se recogen estos datos o no
PSL_DATA_USAGE_RESPONSES:PSL_USER_GENERATED_CONTENT:DATA_USAGE_USER_CONTROL,PSL_DATA_USAGE_USER_CONTROL_REQUIRED,,SINGLE_CHOICE,Uso y gestión de datos (Otro contenido generado por el usuario)/¿Son estos datos necesarios para usar tu aplicación o pueden los usuarios elegir si se recogen o no?/La recogida de datos es necesaria (los usuarios no pueden desactivarla)
PSL_DATA_USAGE_RESPONSES:PSL_USER_GENERATED_CONTENT:DATA_USAGE_COLLECTION_PURPOSE,PSL_APP_FUNCTIONALITY,true,MULTIPLE_CHOICE,Uso y gestión de datos (Otro contenido generado por el usuario)/¿Por qué se recogen estos datos de usuario? Selecciona todas las opciones que correspondan./Funcionalidad de la aplicación
PSL_DATA_USAGE_RESPONSES:PSL_USER_GENERATED_CONTENT:DATA_USAGE_COLLECTION_PURPOSE,PSL_ANALYTICS,,MULTIPLE_CHOICE,Uso y gestión de datos (Otro contenido generado por el usuario)/¿Por qué se recogen estos datos de usuario? Selecciona todas las opciones que correspondan./Análisis
PSL_DATA_USAGE_RESPONSES:PSL_USER_GENERATED_CONTENT:DATA_USAGE_COLLECTION_PURPOSE,PSL_DEVELOPER_COMMUNICATIONS,,MULTIPLE_CHOICE,Uso y gestión de datos (Otro contenido generado por el usuario)/¿Por qué se recogen estos datos de usuario? Selecciona todas las opciones que correspondan./Comunicaciones del desarrollador
PSL_DATA_USAGE_RESPONSES:PSL_USER_GENERATED_CONTENT:DATA_USAGE_COLLECTION_PURPOSE,PSL_FRAUD_PREVENTION_SECURITY,,MULTIPLE_CHOICE,"Uso y gestión de datos (Otro contenido generado por el usuario)/¿Por qué se recogen estos datos de usuario? Selecciona todas las opciones que correspondan./Prevención de fraudes, seguridad y cumplimiento"
PSL_DATA_USAGE_RESPONSES:PSL_USER_GENERATED_CONTENT:DATA_USAGE_COLLECTION_PURPOSE,PSL_ADVERTISING,,MULTIPLE_CHOICE,Uso y gestión de datos (Otro contenido generado por el usuario)/¿Por qué se recogen estos datos de usuario? Selecciona todas las opciones que correspondan./Publicidad o marketing
PSL_DATA_USAGE_RESPONSES:PSL_USER_GENERATED_CONTENT:DATA_USAGE_COLLECTION_PURPOSE,PSL_PERSONALIZATION,true,MULTIPLE_CHOICE,Uso y gestión de datos (Otro contenido generado por el usuario)/¿Por qué se recogen estos datos de usuario? Selecciona todas las opciones que correspondan./Personalización
PSL_DATA_USAGE_RESPONSES:PSL_USER_GENERATED_CONTENT:DATA_USAGE_COLLECTION_PURPOSE,PSL_ACCOUNT_MANAGEMENT,,MULTIPLE_CHOICE,Uso y gestión de datos (Otro contenido generado por el usuario)/¿Por qué se recogen estos datos de usuario? Selecciona todas las opciones que correspondan./Gestión de cuentas
PSL_DATA_USAGE_RESPONSES:PSL_USER_GENERATED_CONTENT:DATA_USAGE_SHARING_PURPOSE,PSL_APP_FUNCTIONALITY,,MULTIPLE_CHOICE,Uso y gestión de datos (Otro contenido generado por el usuario)/¿Por qué se comparten estos datos de usuario? Selecciona todas las opciones que correspondan./Funcionalidad de la aplicación
PSL_DATA_USAGE_RESPONSES:PSL_USER_GENERATED_CONTENT:DATA_USAGE_SHARING_PURPOSE,PSL_ANALYTICS,,MULTIPLE_CHOICE,Uso y gestión de datos (Otro contenido generado por el usuario)/¿Por qué se comparten estos datos de usuario? Selecciona todas las opciones que correspondan./Análisis
PSL_DATA_USAGE_RESPONSES:PSL_USER_GENERATED_CONTENT:DATA_USAGE_SHARING_PURPOSE,PSL_DEVELOPER_COMMUNICATIONS,,MULTIPLE_CHOICE,Uso y gestión de datos (Otro contenido generado por el usuario)/¿Por qué se comparten estos datos de usuario? Selecciona todas las opciones que correspondan./Comunicaciones del desarrollador
PSL_DATA_USAGE_RESPONSES:PSL_USER_GENERATED_CONTENT:DATA_USAGE_SHARING_PURPOSE,PSL_FRAUD_PREVENTION_SECURITY,,MULTIPLE_CHOICE,"Uso y gestión de datos (Otro contenido generado por el usuario)/¿Por qué se comparten estos datos de usuario? Selecciona todas las opciones que correspondan./Prevención de fraudes, seguridad y cumplimiento"
PSL_DATA_USAGE_RESPONSES:PSL_USER_GENERATED_CONTENT:DATA_USAGE_SHARING_PURPOSE,PSL_ADVERTISING,,MULTIPLE_CHOICE,Uso y gestión de datos (Otro contenido generado por el usuario)/¿Por qué se comparten estos datos de usuario? Selecciona todas las opciones que correspondan./Publicidad o marketing
PSL_DATA_USAGE_RESPONSES:PSL_USER_GENERATED_CONTENT:DATA_USAGE_SHARING_PURPOSE,PSL_PERSONALIZATION,,MULTIPLE_CHOICE,Uso y gestión de datos (Otro contenido generado por el usuario)/¿Por qué se comparten estos datos de usuario? Selecciona todas las opciones que correspondan./Personalización
PSL_DATA_USAGE_RESPONSES:PSL_USER_GENERATED_CONTENT:DATA_USAGE_SHARING_PURPOSE,PSL_ACCOUNT_MANAGEMENT,,MULTIPLE_CHOICE,Uso y gestión de datos (Otro contenido generado por el usuario)/¿Por qué se comparten estos datos de usuario? Selecciona todas las opciones que correspondan./Gestión de cuentas
PSL_DATA_USAGE_RESPONSES:PSL_OTHER_APP_ACTIVITY:PSL_DATA_USAGE_COLLECTION_AND_SHARING,PSL_DATA_USAGE_ONLY_COLLECTED,true,MULTIPLE_CHOICE,"Uso y gestión de datos (Otras acciones)/¿Tu aplicación recoge estos datos, los comparte o hace ambas cosas?/Se recogen"
PSL_DATA_USAGE_RESPONSES:PSL_OTHER_APP_ACTIVITY:PSL_DATA_USAGE_COLLECTION_AND_SHARING,PSL_DATA_USAGE_ONLY_SHARED,true,MULTIPLE_CHOICE,"Uso y gestión de datos (Otras acciones)/¿Tu aplicación recoge estos datos, los comparte o hace ambas cosas?/Se comparten"
PSL_DATA_USAGE_RESPONSES:PSL_OTHER_APP_ACTIVITY:PSL_DATA_USAGE_EPHEMERAL,,false,MAYBE_REQUIRED,Uso y gestión de datos (Otras acciones)/¿Se tratan estos datos de forma temporal?
PSL_DATA_USAGE_RESPONSES:PSL_OTHER_APP_ACTIVITY:DATA_USAGE_USER_CONTROL,PSL_DATA_USAGE_USER_CONTROL_OPTIONAL,true,SINGLE_CHOICE,Uso y gestión de datos (Otras acciones)/¿Son estos datos necesarios para usar tu aplicación o pueden los usuarios elegir si se recogen o no?/Los usuarios pueden elegir si se recogen estos datos o no
PSL_DATA_USAGE_RESPONSES:PSL_OTHER_APP_ACTIVITY:DATA_USAGE_USER_CONTROL,PSL_DATA_USAGE_USER_CONTROL_REQUIRED,,SINGLE_CHOICE,Uso y gestión de datos (Otras acciones)/¿Son estos datos necesarios para usar tu aplicación o pueden los usuarios elegir si se recogen o no?/La recogida de datos es necesaria (los usuarios no pueden desactivarla)
PSL_DATA_USAGE_RESPONSES:PSL_OTHER_APP_ACTIVITY:DATA_USAGE_COLLECTION_PURPOSE,PSL_APP_FUNCTIONALITY,true,MULTIPLE_CHOICE,Uso y gestión de datos (Otras acciones)/¿Por qué se recogen estos datos de usuario? Selecciona todas las opciones que correspondan./Funcionalidad de la aplicación
PSL_DATA_USAGE_RESPONSES:PSL_OTHER_APP_ACTIVITY:DATA_USAGE_COLLECTION_PURPOSE,PSL_ANALYTICS,true,MULTIPLE_CHOICE,Uso y gestión de datos (Otras acciones)/¿Por qué se recogen estos datos de usuario? Selecciona todas las opciones que correspondan./Análisis
PSL_DATA_USAGE_RESPONSES:PSL_OTHER_APP_ACTIVITY:DATA_USAGE_COLLECTION_PURPOSE,PSL_DEVELOPER_COMMUNICATIONS,,MULTIPLE_CHOICE,Uso y gestión de datos (Otras acciones)/¿Por qué se recogen estos datos de usuario? Selecciona todas las opciones que correspondan./Comunicaciones del desarrollador
PSL_DATA_USAGE_RESPONSES:PSL_OTHER_APP_ACTIVITY:DATA_USAGE_COLLECTION_PURPOSE,PSL_FRAUD_PREVENTION_SECURITY,,MULTIPLE_CHOICE,"Uso y gestión de datos (Otras acciones)/¿Por qué se recogen estos datos de usuario? Selecciona todas las opciones que correspondan./Prevención de fraudes, seguridad y cumplimiento"
PSL_DATA_USAGE_RESPONSES:PSL_OTHER_APP_ACTIVITY:DATA_USAGE_COLLECTION_PURPOSE,PSL_ADVERTISING,true,MULTIPLE_CHOICE,Uso y gestión de datos (Otras acciones)/¿Por qué se recogen estos datos de usuario? Selecciona todas las opciones que correspondan./Publicidad o marketing
PSL_DATA_USAGE_RESPONSES:PSL_OTHER_APP_ACTIVITY:DATA_USAGE_COLLECTION_PURPOSE,PSL_PERSONALIZATION,true,MULTIPLE_CHOICE,Uso y gestión de datos (Otras acciones)/¿Por qué se recogen estos datos de usuario? Selecciona todas las opciones que correspondan./Personalización
PSL_DATA_USAGE_RESPONSES:PSL_OTHER_APP_ACTIVITY:DATA_USAGE_COLLECTION_PURPOSE,PSL_ACCOUNT_MANAGEMENT,,MULTIPLE_CHOICE,Uso y gestión de datos (Otras acciones)/¿Por qué se recogen estos datos de usuario? Selecciona todas las opciones que correspondan./Gestión de cuentas
PSL_DATA_USAGE_RESPONSES:PSL_OTHER_APP_ACTIVITY:DATA_USAGE_SHARING_PURPOSE,PSL_APP_FUNCTIONALITY,,MULTIPLE_CHOICE,Uso y gestión de datos (Otras acciones)/¿Por qué se comparten estos datos de usuario? Selecciona todas las opciones que correspondan./Funcionalidad de la aplicación
PSL_DATA_USAGE_RESPONSES:PSL_OTHER_APP_ACTIVITY:DATA_USAGE_SHARING_PURPOSE,PSL_ANALYTICS,true,MULTIPLE_CHOICE,Uso y gestión de datos (Otras acciones)/¿Por qué se comparten estos datos de usuario? Selecciona todas las opciones que correspondan./Análisis
PSL_DATA_USAGE_RESPONSES:PSL_OTHER_APP_ACTIVITY:DATA_USAGE_SHARING_PURPOSE,PSL_DEVELOPER_COMMUNICATIONS,,MULTIPLE_CHOICE,Uso y gestión de datos (Otras acciones)/¿Por qué se comparten estos datos de usuario? Selecciona todas las opciones que correspondan./Comunicaciones del desarrollador
PSL_DATA_USAGE_RESPONSES:PSL_OTHER_APP_ACTIVITY:DATA_USAGE_SHARING_PURPOSE,PSL_FRAUD_PREVENTION_SECURITY,,MULTIPLE_CHOICE,"Uso y gestión de datos (Otras acciones)/¿Por qué se comparten estos datos de usuario? Selecciona todas las opciones que correspondan./Prevención de fraudes, seguridad y cumplimiento"
PSL_DATA_USAGE_RESPONSES:PSL_OTHER_APP_ACTIVITY:DATA_USAGE_SHARING_PURPOSE,PSL_ADVERTISING,true,MULTIPLE_CHOICE,Uso y gestión de datos (Otras acciones)/¿Por qué se comparten estos datos de usuario? Selecciona todas las opciones que correspondan./Publicidad o marketing
PSL_DATA_USAGE_RESPONSES:PSL_OTHER_APP_ACTIVITY:DATA_USAGE_SHARING_PURPOSE,PSL_PERSONALIZATION,,MULTIPLE_CHOICE,Uso y gestión de datos (Otras acciones)/¿Por qué se comparten estos datos de usuario? Selecciona todas las opciones que correspondan./Personalización
PSL_DATA_USAGE_RESPONSES:PSL_OTHER_APP_ACTIVITY:DATA_USAGE_SHARING_PURPOSE,PSL_ACCOUNT_MANAGEMENT,,MULTIPLE_CHOICE,Uso y gestión de datos (Otras acciones)/¿Por qué se comparten estos datos de usuario? Selecciona todas las opciones que correspondan./Gestión de cuentas
PSL_DATA_USAGE_RESPONSES:PSL_DEVICE_ID:PSL_DATA_USAGE_COLLECTION_AND_SHARING,PSL_DATA_USAGE_ONLY_COLLECTED,true,MULTIPLE_CHOICE,"Uso y gestión de datos (IDs de dispositivo o de otro tipo)/¿Tu aplicación recoge estos datos, los comparte o hace ambas cosas?/Se recogen"
PSL_DATA_USAGE_RESPONSES:PSL_DEVICE_ID:PSL_DATA_USAGE_COLLECTION_AND_SHARING,PSL_DATA_USAGE_ONLY_SHARED,true,MULTIPLE_CHOICE,"Uso y gestión de datos (IDs de dispositivo o de otro tipo)/¿Tu aplicación recoge estos datos, los comparte o hace ambas cosas?/Se comparten"
PSL_DATA_USAGE_RESPONSES:PSL_DEVICE_ID:PSL_DATA_USAGE_EPHEMERAL,,false,MAYBE_REQUIRED,Uso y gestión de datos (IDs de dispositivo o de otro tipo)/¿Se tratan estos datos de forma temporal?
PSL_DATA_USAGE_RESPONSES:PSL_DEVICE_ID:DATA_USAGE_USER_CONTROL,PSL_DATA_USAGE_USER_CONTROL_OPTIONAL,,SINGLE_CHOICE,Uso y gestión de datos (IDs de dispositivo o de otro tipo)/¿Son estos datos necesarios para usar tu aplicación o pueden los usuarios elegir si se recogen o no?/Los usuarios pueden elegir si se recogen estos datos o no
PSL_DATA_USAGE_RESPONSES:PSL_DEVICE_ID:DATA_USAGE_USER_CONTROL,PSL_DATA_USAGE_USER_CONTROL_REQUIRED,true,SINGLE_CHOICE,Uso y gestión de datos (IDs de dispositivo o de otro tipo)/¿Son estos datos necesarios para usar tu aplicación o pueden los usuarios elegir si se recogen o no?/La recogida de datos es necesaria (los usuarios no pueden desactivarla)
PSL_DATA_USAGE_RESPONSES:PSL_DEVICE_ID:DATA_USAGE_COLLECTION_PURPOSE,PSL_APP_FUNCTIONALITY,true,MULTIPLE_CHOICE,Uso y gestión de datos (IDs de dispositivo o de otro tipo)/¿Por qué se recogen estos datos de usuario? Selecciona todas las opciones que correspondan./Funcionalidad de la aplicación
PSL_DATA_USAGE_RESPONSES:PSL_DEVICE_ID:DATA_USAGE_COLLECTION_PURPOSE,PSL_ANALYTICS,true,MULTIPLE_CHOICE,Uso y gestión de datos (IDs de dispositivo o de otro tipo)/¿Por qué se recogen estos datos de usuario? Selecciona todas las opciones que correspondan./Análisis
PSL_DATA_USAGE_RESPONSES:PSL_DEVICE_ID:DATA_USAGE_COLLECTION_PURPOSE,PSL_DEVELOPER_COMMUNICATIONS,,MULTIPLE_CHOICE,Uso y gestión de datos (IDs de dispositivo o de otro tipo)/¿Por qué se recogen estos datos de usuario? Selecciona todas las opciones que correspondan./Comunicaciones del desarrollador
PSL_DATA_USAGE_RESPONSES:PSL_DEVICE_ID:DATA_USAGE_COLLECTION_PURPOSE,PSL_FRAUD_PREVENTION_SECURITY,true,MULTIPLE_CHOICE,"Uso y gestión de datos (IDs de dispositivo o de otro tipo)/¿Por qué se recogen estos datos de usuario? Selecciona todas las opciones que correspondan./Prevención de fraudes, seguridad y cumplimiento"
PSL_DATA_USAGE_RESPONSES:PSL_DEVICE_ID:DATA_USAGE_COLLECTION_PURPOSE,PSL_ADVERTISING,true,MULTIPLE_CHOICE,Uso y gestión de datos (IDs de dispositivo o de otro tipo)/¿Por qué se recogen estos datos de usuario? Selecciona todas las opciones que correspondan./Publicidad o marketing
PSL_DATA_USAGE_RESPONSES:PSL_DEVICE_ID:DATA_USAGE_COLLECTION_PURPOSE,PSL_PERSONALIZATION,,MULTIPLE_CHOICE,Uso y gestión de datos (IDs de dispositivo o de otro tipo)/¿Por qué se recogen estos datos de usuario? Selecciona todas las opciones que correspondan./Personalización
PSL_DATA_USAGE_RESPONSES:PSL_DEVICE_ID:DATA_USAGE_COLLECTION_PURPOSE,PSL_ACCOUNT_MANAGEMENT,,MULTIPLE_CHOICE,Uso y gestión de datos (IDs de dispositivo o de otro tipo)/¿Por qué se recogen estos datos de usuario? Selecciona todas las opciones que correspondan./Gestión de cuentas
PSL_DATA_USAGE_RESPONSES:PSL_DEVICE_ID:DATA_USAGE_SHARING_PURPOSE,PSL_APP_FUNCTIONALITY,true,MULTIPLE_CHOICE,Uso y gestión de datos (IDs de dispositivo o de otro tipo)/¿Por qué se comparten estos datos de usuario? Selecciona todas las opciones que correspondan./Funcionalidad de la aplicación
PSL_DATA_USAGE_RESPONSES:PSL_DEVICE_ID:DATA_USAGE_SHARING_PURPOSE,PSL_ANALYTICS,true,MULTIPLE_CHOICE,Uso y gestión de datos (IDs de dispositivo o de otro tipo)/¿Por qué se comparten estos datos de usuario? Selecciona todas las opciones que correspondan./Análisis
PSL_DATA_USAGE_RESPONSES:PSL_DEVICE_ID:DATA_USAGE_SHARING_PURPOSE,PSL_DEVELOPER_COMMUNICATIONS,,MULTIPLE_CHOICE,Uso y gestión de datos (IDs de dispositivo o de otro tipo)/¿Por qué se comparten estos datos de usuario? Selecciona todas las opciones que correspondan./Comunicaciones del desarrollador
PSL_DATA_USAGE_RESPONSES:PSL_DEVICE_ID:DATA_USAGE_SHARING_PURPOSE,PSL_FRAUD_PREVENTION_SECURITY,true,MULTIPLE_CHOICE,"Uso y gestión de datos (IDs de dispositivo o de otro tipo)/¿Por qué se comparten estos datos de usuario? Selecciona todas las opciones que correspondan./Prevención de fraudes, seguridad y cumplimiento"
PSL_DATA_USAGE_RESPONSES:PSL_DEVICE_ID:DATA_USAGE_SHARING_PURPOSE,PSL_ADVERTISING,true,MULTIPLE_CHOICE,Uso y gestión de datos (IDs de dispositivo o de otro tipo)/¿Por qué se comparten estos datos de usuario? Selecciona todas las opciones que correspondan./Publicidad o marketing
PSL_DATA_USAGE_RESPONSES:PSL_DEVICE_ID:DATA_USAGE_SHARING_PURPOSE,PSL_PERSONALIZATION,,MULTIPLE_CHOICE,Uso y gestión de datos (IDs de dispositivo o de otro tipo)/¿Por qué se comparten estos datos de usuario? Selecciona todas las opciones que correspondan./Personalización
PSL_DATA_USAGE_RESPONSES:PSL_DEVICE_ID:DATA_USAGE_SHARING_PURPOSE,PSL_ACCOUNT_MANAGEMENT,,MULTIPLE_CHOICE,Uso y gestión de datos (IDs de dispositivo o de otro tipo)/¿Por qué se comparten estos datos de usuario? Selecciona todas las opciones que correspondan./Gestión de cuentas
